Nome,"Wagnild e Young Quando eu faço planos, eu levo eles até o fim",Wagnild e Young Eu costumo lidar com os problemas de uma forma ou de outra,Wagnild e Young Eu sou capaz de depender de mim mais do que qualquer outra pessoa,Wagnild e Young Manter interesse nas coisas é importante para mim,Wagnild e Young Eu posso estar por minha conta se eu precisar,Wagnild e Young Eu sinto orgulho de ter realizado coisas em minha vida,Wagnild e Young Eu costumo aceitar as coisas sem muita preocupação,Wagnild e Young Eu sou amigo de mim mesmo,Wagnild e Young Eu sinto que posso lidar com várias coisas ao mesmo tempo,Wagnild e Young Eu sou determinado,Wagnild e Young Eu raramente penso sobre o objetivo das coisas,Wagnild e Young Eu faço as coisas um dia de cada vez,Wagnild e Young Eu posso enfrentar tempos difíceis porque já experimentei dificuldades antes,Wagnild e Young Eu sou disciplinado,Wagnild e Young Eu mantenho interesse nas coisas,Wagnild e Young Eu normalmente posso achar motivo para rir,Wagnild e Young Minha crença em mim mesmo me leva a atravessar tempos difíceis,"Wagnild e Young Em uma emergência, eu sou uma pessoa em quem as pessoas podem contar",Wagnild e Young Eu posso geralmente olhar uma situação em diversas maneiras,Wagnild e Young Às vezes eu me obrigo a fazer coisas querendo ou não,Wagnild e Young Minha vida tem sentido,Wagnild e Young Eu não insisto em coisas as quais eu não posso fazer nada sobre elas,"Wagnild e Young Quando eu estou numa situação difícil, eu normalmente acho uma saída",Wagnild e Young Eu tenho energia suficiente para fazer o que eu tenho que fazer,Wagnild e Young Tudo bem se há pessoas que não gostam de mim,Wagnild e Young Total,Wagnild e Young Resultado
49410ccae7,6.Muito característico,3. Pouco característico,5. Característico,5. Característico,5. Característico,5. Característico,5. Característico,5. Característico,3. Pouco característico,5. Característico,3. Pouco característico,5. Característico,3. Pouco característico,5. Característico,5. Característico,5. Característico,5. Característico,5. Característico,5. Característico,5. Característico,5. Característico,5. Característico,5. Característico,5. Característico,3. Pouco característico,116.0,Média
b12737ec6b,5. Característico,5. Característico,5. Característico,5. Característico,5. Característico,5. Característico,5. Característico,5. Característico,4. Indiferente,5. Característico,4. Indiferente,5. Característico,5. Característico,5. Característico,5. Característico,5. Característico,5. Característico,5. Característico,5. Característico,4. Indiferente,5. Característico,5. Característico,5. Característico,5. Característico,5. Característico,122.0,Média
f6e89fc1b8,2. Muito pouco característico,3. Pouco característico,2. Muito pouco característico,2. Muito pouco característico,2. Muito pouco característico,2. Muito pouco característico,3. Pouco característico,2. Muito pouco característico,2. Muito pouco característico,2. Muito pouco característico,1. Nada característico,2. Muito pouco característico,2. Muito pouco característico,2. Muito pouco característico,2. Muito pouco característico,4. Indiferente,1. Nada característico,3. Pouco característico,2. Muito pouco característico,1. Nada característico,2. Muito pouco característico,1. Nada característico,2. Muito pouco característico,2. Muito pouco característico,4. Indiferente,53.0,Baixa
5e99d8047c,7. Totalmente característico,5. Característico,7. Totalmente característico,7. Totalmente característico,7. Totalmente característico,6.Muito característico,7. Totalmente característico,7. Totalmente característico,6.Muito característico,7. Totalmente característico,5. Característico,7. Totalmente característico,5. Característico,7. Totalmente característico,7. Totalmente característico,6.Muito característico,3. Pouco característico,7. Totalmente característico,3. Pouco característico,3. Pouco característico,7. Totalmente característico,7. Totalmente característico,7. Totalmente característico,7. Totalmente característico,1. Nada característico,148.0,Alta
ead575e623,5. Característico,5. Característico,5. Característico,6.Muito característico,5. Característico,6.Muito característico,5. Característico,6.Muito característico,5. Característico,6.Muito característico,2. Muito pouco característico,6.Muito característico,6.Muito característico,6.Muito característico,6.Muito característico,5. Característico,5. Característico,6.Muito característico,6.Muito característico,1. Nada característico,6.Muito característico,2. Muito pouco característico,6.Muito característico,6.Muito característico,6.Muito característico,129.0,Alta
fa9341a730,7. Totalmente característico,7. Totalmente característico,7. Totalmente característico,7. Totalmente característico,7. Totalmente característico,7. Totalmente característico,7. Totalmente característico,7. Totalmente característico,7. Totalmente característico,7. Totalmente característico,5. Característico,7. Totalmente característico,5. Característico,1. Nada característico,5. Característico,5. Característico,5. Característico,5. Característico,5. Característico,5. Característico,5. Característico,5. Característico,5. Característico,4. Indiferente,5. Característico,142.0,Alta
dcbc9beaaf,2. Muito pouco característico,7. Totalmente característico,7. Totalmente característico,7. Totalmente característico,7. Totalmente característico,7. Totalmente característico,7. Totalmente característico,7. Totalmente característico,7. Totalmente característico,7. Totalmente característico,7. Totalmente característico,7. Totalmente característico,7. Totalmente característico,7. Totalmente característico,7. Totalmente característico,4. Indiferente,7. Totalmente característico,7. Totalmente característico,7. Totalmente característico,2. Muito pouco característico,4. Indiferente,1. Nada característico,7. Totalmente característico,7. Totalmente característico,7. Totalmente característico,153.0,Alta
43f20138ee,2. Muito pouco característico,2. Muito pouco característico,2. Muito pouco característico,2. Muito pouco característico,2. Muito pouco característico,2. Muito pouco característico,1. Nada característico,2. Muito pouco característico,2. Muito pouco característico,2. Muito pouco característico,1. Nada característico,3. Pouco característico,2. Muito pouco característico,2. Muito pouco característico,2. Muito pouco característico,3. Pouco característico,2. Muito pouco característico,2. Muito pouco característico,2. Muito pouco característico,4. Indiferente,1. Nada característico,2. Muito pouco característico,2. Muito pouco característico,2. Muito pouco característico,1. Nada característico,50.0,Baixa
a378907c5d,5. Característico,3. Pouco característico,6.Muito característico,6.Muito característico,4. Indiferente,6.Muito característico,6.Muito característico,6.Muito característico,5. Característico,6.Muito característico,6.Muito característico,6.Muito característico,6.Muito característico,6.Muito característico,6.Muito característico,3. Pouco característico,6.Muito característico,6.Muito característico,7. Totalmente característico,3. Pouco característico,6.Muito característico,6.Muito característico,5. Característico,6.Muito característico,2. Muito pouco característico,133.0,Alta
bbbd4b41b0,5. Característico,5. Característico,5. Característico,5. Característico,5. Característico,5. Característico,5. Característico,5. Característico,5. Característico,5. Característico,5. Característico,4. Indiferente,5. Característico,5. Característico,5. Característico,5. Característico,5. Característico,5. Característico,5. Característico,4. Indiferente,5. Característico,5. Característico,5. Característico,5. Característico,5. Característico,123.0,Média
57a9758c01,7. Totalmente característico,5. Característico,6.Muito característico,7. Totalmente característico,7. Totalmente característico,7. Totalmente característico,3. Pouco característico,5. Característico,4. Indiferente,7. Totalmente característico,3. Pouco característico,6.Muito característico,7. Totalmente característico,7. Totalmente característico,7. Totalmente característico,4. Indiferente,7. Totalmente característico,7. Totalmente característico,3. Pouco característico,7. Totalmente característico,7. Totalmente característico,7. Totalmente característico,3. Pouco característico,6.Muito característico,4. Indiferente,143.0,Alta
391a61f340,7. Totalmente característico,6.Muito característico,7. Totalmente característico,7. Totalmente característico,7. Totalmente característico,7. Totalmente característico,5. Característico,7. Totalmente característico,6.Muito característico,7. Totalmente característico,7. Totalmente característico,7. Totalmente característico,7. Totalmente característico,7. Totalmente característico,7. Totalmente característico,6.Muito característico,7. Totalmente característico,7. Totalmente característico,7. Totalmente característico,5. Característico,7. Totalmente característico,3. Pouco característico,6.Muito característico,7. Totalmente característico,7. Totalmente característico,163.0,Alta
4d7e986e34,5. Característico,5. Característico,3. Pouco característico,5. Característico,5. Característico,5. Característico,4. Indiferente,5. Característico,5. Característico,5. Característico,5. Característico,5. Característico,5. Característico,5. Característico,5. Característico,5. Característico,5. Característico,5. Característico,5. Característico,3. Pouco característico,5. Característico,5. Característico,5. Característico,5. Característico,5. Característico,120.0,Média
55001572b0,3. Pouco característico,3. Pouco característico,2. Muito pouco característico,2. Muito pouco característico,3. Pouco característico,2. Muito pouco característico,3. Pouco característico,2. Muito pouco característico,3. Pouco característico,3. Pouco característico,3. Pouco característico,1. Nada característico,3. Pouco característico,3. Pouco característico,2. Muito pouco característico,4. Indiferente,2. Muito pouco característico,2. Muito pouco característico,3. Pouco característico,3. Pouco característico,2. Muito pouco característico,2. Muito pouco característico,2. Muito pouco característico,3. Pouco característico,3. Pouco característico,64.0,Baixa
f0cc4897ed,2. Muito pouco característico,2. Muito pouco característico,2. Muito pouco característico,2. Muito pouco característico,2. Muito pouco característico,2. Muito pouco característico,1. Nada característico,2. Muito pouco característico,2. Muito pouco característico,2. Muito pouco característico,1. Nada característico,1. Nada característico,2. Muito pouco característico,2. Muito pouco característico,2. Muito pouco característico,2. Muito pouco característico,2. Muito pouco característico,2. Muito pouco característico,2. Muito pouco característico,1. Nada característico,2. Muito pouco característico,1. Nada característico,2. Muito pouco característico,1. Nada característico,2. Muito pouco característico,44.0,Baixa
aa73c2d0cd,7. Totalmente característico,5. Característico,7. Totalmente característico,7. Totalmente característico,6.Muito característico,7. Totalmente característico,3. Pouco característico,7. Totalmente característico,1. Nada característico,7. Totalmente característico,1. Nada característico,7. Totalmente característico,7. Totalmente característico,7. Totalmente característico,7. Totalmente característico,7. Totalmente característico,7. Totalmente característico,7. Totalmente característico,7. Totalmente característico,6.Muito característico,7. Totalmente característico,7. Totalmente característico,7. Totalmente característico,7. Totalmente característico,1. Nada característico,149.0,Alta
347a26ba7e,7. Totalmente característico,7. Totalmente característico,7. Totalmente característico,7. Totalmente característico,6.Muito característico,4. Indiferente,5. Característico,7. Totalmente característico,5. Característico,7. Totalmente característico,5. Característico,3. Pouco característico,6.Muito característico,7. Totalmente característico,7. Totalmente característico,6.Muito característico,7. Totalmente característico,7. Totalmente característico,7. Totalmente característico,5. Característico,7. Totalmente característico,6.Muito característico,6.Muito característico,7. Totalmente característico,7. Totalmente característico,155.0,Alta
94b72badc9,6.Muito característico,5. Característico,7. Totalmente característico,7. Totalmente característico,4. Indiferente,5. Característico,3. Pouco característico,5. Característico,2. Muito pouco característico,5. Característico,4. Indiferente,5. Característico,3. Pouco característico,6.Muito característico,5. Característico,2. Muito pouco característico,6.Muito característico,7. Totalmente característico,5. Característico,6.Muito característico,7. Totalmente característico,3. Pouco característico,6.Muito característico,5. Característico,4. Indiferente,123.0,Média
5d3d2cd3e9,7. Totalmente característico,5. Característico,5. Característico,7. Totalmente característico,7. Totalmente característico,7. Totalmente característico,1. Nada característico,7. Totalmente característico,5. Característico,1. Nada característico,7. Totalmente característico,7. Totalmente característico,7. Totalmente característico,5. Característico,7. Totalmente característico,7. Totalmente característico,7. Totalmente característico,7. Totalmente característico,7. Totalmente característico,7. Totalmente característico,7. Totalmente característico,7. Totalmente característico,5. Característico,6.Muito característico,7. Totalmente característico,152.0,Alta
d16307330e,2. Muito pouco característico,2. Muito pouco característico,2. Muito pouco característico,3. Pouco característico,3. Pouco característico,2. Muito pouco característico,3. Pouco característico,2. Muito pouco característico,2. Muito pouco característico,2. Muito pouco característico,1. Nada característico,4. Indiferente,4. Indiferente,2. Muito pouco característico,2. Muito pouco característico,2. Muito pouco característico,2. Muito pouco característico,4. Indiferente,4. Indiferente,1. Nada característico,2. Muito pouco característico,2. Muito pouco característico,2. Muito pouco característico,2. Muito pouco característico,2. Muito pouco característico,59.0,Baixa
ffce75b98f,1. Nada característico,7. Totalmente característico,7. Totalmente característico,7. Totalmente característico,7. Totalmente característico,7. Totalmente característico,7. Totalmente característico,7. Totalmente característico,7. Totalmente característico,7. Totalmente característico,7. Totalmente característico,1. Nada característico,7. Totalmente característico,1. Nada característico,7. Totalmente característico,7. Totalmente característico,7. Totalmente característico,7. Totalmente característico,7. Totalmente característico,7. Totalmente característico,7. Totalmente característico,7. Totalmente característico,7. Totalmente característico,7. Totalmente característico,7. Totalmente característico,157.0,Alta
4b3ccef4a2,7. Totalmente característico,6.Muito característico,7. Totalmente característico,7. Totalmente característico,7. Totalmente característico,7. Totalmente característico,6.Muito característico,7. Totalmente característico,5. Característico,7. Totalmente característico,2. Muito pouco característico,7. Totalmente característico,6.Muito característico,7. Totalmente característico,7. Totalmente característico,3. Pouco característico,7. Totalmente característico,7. Totalmente característico,6.Muito característico,2. Muito pouco característico,6.Muito característico,7. Totalmente característico,7. Totalmente característico,7. Totalmente característico,3. Pouco característico,150.0,Alta
43465b799e,5. Característico,5. Característico,5. Característico,5. Característico,5. Característico,5. Característico,5. Característico,5. Característico,2. Muito pouco característico,5. Característico,5. Característico,5. Característico,5. Característico,5. Característico,5. Característico,5. Característico,5. Característico,5. Característico,5. Característico,2. Muito pouco característico,5. Característico,2. Muito pouco característico,5. Característico,5. Característico,5. Característico,116.0,Média
9e449f4110,7. Totalmente característico,5. Característico,7. Totalmente característico,7. Totalmente característico,7. Totalmente característico,7. Totalmente característico,7. Totalmente característico,7. Totalmente característico,7. Totalmente característico,7. Totalmente característico,7. Totalmente característico,7. Totalmente característico,6.Muito característico,7. Totalmente característico,7. Totalmente característico,7. Totalmente característico,4. Indiferente,7. Totalmente característico,7. Totalmente característico,7. Totalmente característico,7. Totalmente característico,6.Muito característico,6.Muito característico,6.Muito característico,6.Muito característico,165.0,Alta
1de0afb22d,5. Característico,5. Característico,5. Característico,5. Característico,5. Característico,5. Característico,5. Característico,5. Característico,5. Característico,5. Característico,4. Indiferente,2. Muito pouco característico,5. Característico,5. Característico,5. Característico,5. Característico,5. Característico,5. Característico,5. Característico,2. Muito pouco característico,5. Característico,2. Muito pouco característico,5. Característico,5. Característico,2. Muito pouco característico,112.0,Média
43256bc164,7. Totalmente característico,5. Característico,5. Característico,7. Totalmente característico,7. Totalmente característico,5. Característico,2. Muito pouco característico,4. Indiferente,5. Característico,6.Muito característico,6.Muito característico,5. Característico,7. Totalmente característico,7. Totalmente característico,7. Totalmente característico,3. Pouco característico,6.Muito característico,7. Totalmente característico,6.Muito característico,2. Muito pouco característico,7. Totalmente característico,2. Muito pouco característico,6.Muito característico,7. Totalmente característico,7. Totalmente característico,138.0,Alta
bf5378235d,6.Muito característico,6.Muito característico,6.Muito característico,6.Muito característico,6.Muito característico,6.Muito característico,3. Pouco característico,6.Muito característico,6.Muito característico,6.Muito característico,6.Muito característico,3. Pouco característico,6.Muito característico,6.Muito característico,6.Muito característico,6.Muito característico,6.Muito característico,6.Muito característico,4. Indiferente,4. Indiferente,6.Muito característico,4. Indiferente,5. Característico,6.Muito característico,5. Característico,136.0,Alta
494d296a2f,7. Totalmente característico,6.Muito característico,7. Totalmente característico,7. Totalmente característico,7. Totalmente característico,6.Muito característico,5. Característico,6.Muito característico,7. Totalmente característico,7. Totalmente característico,6.Muito característico,5. Característico,7. Totalmente característico,4. Indiferente,7. Totalmente característico,7. Totalmente característico,7. Totalmente característico,7. Totalmente característico,5. Característico,5. Característico,7. Totalmente característico,7. Totalmente característico,4. Indiferente,7. Totalmente característico,6.Muito característico,156.0,Alta
a84108e4a9,6.Muito característico,5. Característico,6.Muito característico,6.Muito característico,6.Muito característico,6.Muito característico,6.Muito característico,6.Muito característico,6.Muito característico,6.Muito característico,6.Muito característico,7. Totalmente característico,7. Totalmente característico,7. Totalmente característico,7. Totalmente característico,7. Totalmente característico,5. Característico,7. Totalmente característico,7. Totalmente característico,7. Totalmente característico,7. Totalmente característico,6.Muito característico,7. Totalmente característico,7. Totalmente característico,7. Totalmente característico,160.0,Alta
0cbf8f792a,3. Pouco característico,3. Pouco característico,3. Pouco característico,3. Pouco característico,3. Pouco característico,4. Indiferente,3. Pouco característico,3. Pouco característico,3. Pouco característico,2. Muito pouco característico,2. Muito pouco característico,4. Indiferente,4. Indiferente,3. Pouco característico,4. Indiferente,2. Muito pouco característico,,3. Pouco característico,2. Muito pouco característico,2. Muito pouco característico,4. Indiferente,3. Pouco característico,3. Pouco característico,3. Pouco característico,4. Indiferente,73.0,Baixa
db8de89f15,7. Totalmente característico,7. Totalmente característico,6.Muito característico,7. Totalmente característico,7. Totalmente característico,7. Totalmente característico,7. Totalmente característico,7. Totalmente característico,7. Totalmente característico,7. Totalmente característico,3. Pouco característico,5. Característico,7. Totalmente característico,7. Totalmente característico,7. Totalmente característico,7. Totalmente característico,6.Muito característico,7. Totalmente característico,7. Totalmente característico,3. Pouco característico,7. Totalmente característico,7. Totalmente característico,7. Totalmente característico,7. Totalmente característico,7. Totalmente característico,163.0,Alta
c968608cba,2. Muito pouco característico,2. Muito pouco característico,2. Muito pouco característico,2. Muito pouco característico,2. Muito pouco característico,2. Muito pouco característico,2. Muito pouco característico,2. Muito pouco característico,2. Muito pouco característico,2. Muito pouco característico,2. Muito pouco característico,2. Muito pouco característico,2. Muito pouco característico,3. Pouco característico,2. Muito pouco característico,2. Muito pouco característico,2. Muito pouco característico,2. Muito pouco característico,2. Muito pouco característico,2. Muito pouco característico,2. Muito pouco característico,2. Muito pouco característico,2. Muito pouco característico,2. Muito pouco característico,2. Muito pouco característico,51.0,Baixa
eeccdf8acf,3. Pouco característico,7. Totalmente característico,7. Totalmente característico,7. Totalmente característico,7. Totalmente característico,6.Muito característico,3. Pouco característico,6.Muito característico,3. Pouco característico,5. Característico,3. Pouco característico,6.Muito característico,6.Muito característico,3. Pouco característico,6.Muito característico,7. Totalmente característico,6.Muito característico,7. Totalmente característico,7. Totalmente característico,6.Muito característico,7. Totalmente característico,7. Totalmente característico,6.Muito característico,6.Muito característico,7. Totalmente característico,144.0,Alta
d4a7081884,7. Totalmente característico,7. Totalmente característico,7. Totalmente característico,7. Totalmente característico,7. Totalmente característico,7. Totalmente característico,1. Nada característico,7. Totalmente característico,7. Totalmente característico,7. Totalmente característico,3. Pouco característico,7. Totalmente característico,7. Totalmente característico,7. Totalmente característico,7. Totalmente característico,1. Nada característico,7. Totalmente característico,7. Totalmente característico,7. Totalmente característico,7. Totalmente característico,7. Totalmente característico,7. Totalmente característico,7. Totalmente característico,7. Totalmente característico,7. Totalmente característico,159.0,Alta
b582368021,7. Totalmente característico,5. Característico,5. Característico,7. Totalmente característico,5. Característico,7. Totalmente característico,3. Pouco característico,3. Pouco característico,7. Totalmente característico,7. Totalmente característico,7. Totalmente característico,3. Pouco característico,7. Totalmente característico,7. Totalmente característico,6.Muito característico,6.Muito característico,7. Totalmente característico,7. Totalmente característico,7. Totalmente característico,6.Muito característico,7. Totalmente característico,7. Totalmente característico,6.Muito característico,7. Totalmente característico,7. Totalmente característico,153.0,Alta
888d06316b,5. Característico,5. Característico,5. Característico,5. Característico,5. Característico,5. Característico,2. Muito pouco característico,5. Característico,5. Característico,5. Característico,5. Característico,5. Característico,5. Característico,5. Característico,5. Característico,5. Característico,5. Característico,3. Pouco característico,5. Característico,5. Característico,5. Característico,5. Característico,5. Característico,2. Muito pouco característico,2. Muito pouco característico,114.0,Média
66044d13d2,2. Muito pouco característico,2. Muito pouco característico,2. Muito pouco característico,2. Muito pouco característico,2. Muito pouco característico,3. Pouco característico,1. Nada característico,2. Muito pouco característico,2. Muito pouco característico,2. Muito pouco característico,3. Pouco característico,3. Pouco característico,3. Pouco característico,3. Pouco característico,2. Muito pouco característico,3. Pouco característico,2. Muito pouco característico,2. Muito pouco característico,3. Pouco característico,3. Pouco característico,2. Muito pouco característico,1. Nada característico,2. Muito pouco característico,2. Muito pouco característico,2. Muito pouco característico,56.0,Baixa
a7bbf2efbc,6.Muito característico,7. Totalmente característico,7. Totalmente característico,7. Totalmente característico,6.Muito característico,7. Totalmente característico,5. Característico,6.Muito característico,3. Pouco característico,7. Totalmente característico,1. Nada característico,7. Totalmente característico,7. Totalmente característico,7. Totalmente característico,5. Característico,6.Muito característico,7. Totalmente característico,2. Muito pouco característico,6.Muito característico,6.Muito característico,7. Totalmente característico,6.Muito característico,6.Muito característico,6.Muito característico,7. Totalmente característico,147.0,Alta
859a1bf1e5,3. Pouco característico,2. Muito pouco característico,3. Pouco característico,2. Muito pouco característico,2. Muito pouco característico,2. Muito pouco característico,2. Muito pouco característico,2. Muito pouco característico,3. Pouco característico,3. Pouco característico,3. Pouco característico,2. Muito pouco característico,2. Muito pouco característico,2. Muito pouco característico,3. Pouco característico,2. Muito pouco característico,2. Muito pouco característico,2. Muito pouco característico,2. Muito pouco característico,3. Pouco característico,2. Muito pouco característico,2. Muito pouco característico,2. Muito pouco característico,2. Muito pouco característico,2. Muito pouco característico,57.0,Baixa
dc7a07548f,5. Característico,5. Característico,5. Característico,5. Característico,5. Característico,5. Característico,5. Característico,5. Característico,5. Característico,5. Característico,5. Característico,5. Característico,5. Característico,5. Característico,5. Característico,5. Característico,5. Característico,5. Característico,5. Característico,3. Pouco característico,5. Característico,5. Característico,5. Característico,5. Característico,5. Característico,123.0,Média
a8160a1290,3. Pouco característico,6.Muito característico,7. Totalmente característico,7. Totalmente característico,7. Totalmente característico,7. Totalmente característico,1. Nada característico,7. Totalmente característico,3. Pouco característico,7. Totalmente característico,3. Pouco característico,5. Característico,7. Totalmente característico,7. Totalmente característico,7. Totalmente característico,3. Pouco característico,4. Indiferente,4. Indiferente,7. Totalmente característico,7. Totalmente característico,7. Totalmente característico,7. Totalmente característico,7. Totalmente característico,3. Pouco característico,2. Muito pouco característico,135.0,Alta
768c8633d5,5. Característico,5. Característico,5. Característico,5. Característico,5. Característico,5. Característico,5. Característico,5. Característico,4. Indiferente,5. Característico,5. Característico,5. Característico,5. Característico,5. Característico,5. Característico,5. Característico,5. Característico,5. Característico,5. Característico,5. Característico,5. Característico,4. Indiferente,5. Característico,5. Característico,5. Característico,123.0,Média
73c89de49a,5. Característico,5. Característico,5. Característico,5. Característico,5. Característico,5. Característico,5. Característico,5. Característico,5. Característico,5. Característico,2. Muito pouco característico,5. Característico,5. Característico,5. Característico,5. Característico,5. Característico,5. Característico,5. Característico,5. Característico,5. Característico,5. Característico,2. Muito pouco característico,5. Característico,5. Característico,5. Característico,119.0,Média
3d24b2f128,5. Característico,3. Pouco característico,3. Pouco característico,6.Muito característico,6.Muito característico,6.Muito característico,2. Muito pouco característico,7. Totalmente característico,6.Muito característico,7. Totalmente característico,4. Indiferente,6.Muito característico,6.Muito característico,6.Muito característico,6.Muito característico,5. Característico,6.Muito característico,7. Totalmente característico,7. Totalmente característico,5. Característico,5. Característico,7. Totalmente característico,6.Muito característico,7. Totalmente característico,7. Totalmente característico,141.0,Alta
3f3dc26f0d,2. Muito pouco característico,2. Muito pouco característico,2. Muito pouco característico,2. Muito pouco característico,2. Muito pouco característico,2. Muito pouco característico,2. Muito pouco característico,2. Muito pouco característico,2. Muito pouco característico,2. Muito pouco característico,1. Nada característico,2. Muito pouco característico,1. Nada característico,2. Muito pouco característico,2. Muito pouco característico,2. Muito pouco característico,2. Muito pouco característico,2. Muito pouco característico,2. Muito pouco característico,2. Muito pouco característico,2. Muito pouco característico,2. Muito pouco característico,2. Muito pouco característico,2. Muito pouco característico,2. Muito pouco característico,48.0,Baixa
af4c28f173,7. Totalmente característico,7. Totalmente característico,7. Totalmente característico,7. Totalmente característico,7. Totalmente característico,7. Totalmente característico,7. Totalmente característico,7. Totalmente característico,6.Muito característico,7. Totalmente característico,7. Totalmente característico,3. Pouco característico,7. Totalmente característico,7. Totalmente característico,7. Totalmente característico,7. Totalmente característico,7. Totalmente característico,7. Totalmente característico,7. Totalmente característico,2. Muito pouco característico,7. Totalmente característico,2. Muito pouco característico,7. Totalmente característico,7. Totalmente característico,7. Totalmente característico,160.0,Alta
c55946c274,3. Pouco característico,2. Muito pouco característico,2. Muito pouco característico,2. Muito pouco característico,2. Muito pouco característico,2. Muito pouco característico,3. Pouco característico,2. Muito pouco característico,2. Muito pouco característico,2. Muito pouco característico,3. Pouco característico,2. Muito pouco característico,2. Muito pouco característico,2. Muito pouco característico,2. Muito pouco característico,2. Muito pouco característico,2. Muito pouco característico,2. Muito pouco característico,2. Muito pouco característico,3. Pouco característico,2. Muito pouco característico,3. Pouco característico,2. Muito pouco característico,2. Muito pouco característico,2. Muito pouco característico,55.0,Baixa
7d3a76ceda,2. Muito pouco característico,2. Muito pouco característico,3. Pouco característico,2. Muito pouco característico,3. Pouco característico,2. Muito pouco característico,2. Muito pouco característico,2. Muito pouco característico,2. Muito pouco característico,2. Muito pouco característico,3. Pouco característico,3. Pouco característico,2. Muito pouco característico,2. Muito pouco característico,2. Muito pouco característico,2. Muito pouco característico,2. Muito pouco característico,3. Pouco característico,2. Muito pouco característico,2. Muito pouco característico,2. Muito pouco característico,3. Pouco característico,2. Muito pouco característico,2. Muito pouco característico,2. Muito pouco característico,56.0,Baixa
beb7f8d360,2. Muito pouco característico,2. Muito pouco característico,2. Muito pouco característico,2. Muito pouco característico,2. Muito pouco característico,2. Muito pouco característico,3. Pouco característico,2. Muito pouco característico,3. Pouco característico,2. Muito pouco característico,1. Nada característico,2. Muito pouco característico,2. Muito pouco característico,2. Muito pouco característico,2. Muito pouco característico,3. Pouco característico,2. Muito pouco característico,2. Muito pouco característico,2. Muito pouco característico,1. Nada característico,2. Muito pouco característico,1. Nada característico,2. Muito pouco característico,2. Muito pouco característico,2. Muito pouco característico,50.0,Baixa
41c86c823c,5. Característico,5. Característico,5. Característico,5. Característico,5. Característico,5. Característico,3. Pouco característico,5. Característico,5. Característico,5. Característico,3. Pouco característico,5. Característico,5. Característico,5. Característico,5. Característico,5. Característico,5. Característico,5. Característico,5. Característico,5. Característico,5. Característico,3. Pouco característico,5. Característico,5. Característico,5. Característico,119.0,Média
6329f2c923,7. Totalmente característico,7. Totalmente característico,7. Totalmente característico,7. Totalmente característico,7. Totalmente característico,7. Totalmente característico,7. Totalmente característico,7. Totalmente característico,7. Totalmente característico,7. Totalmente característico,7. Totalmente característico,3. Pouco característico,7. Totalmente característico,7. Totalmente característico,7. Totalmente característico,7. Totalmente característico,7. Totalmente característico,7. Totalmente característico,7. Totalmente característico,7. Totalmente característico,7. Totalmente característico,7. Totalmente característico,7. Totalmente característico,7. Totalmente característico,7. Totalmente característico,171.0,Alta
c9ac4657a0,3. Pouco característico,3. Pouco característico,7. Totalmente característico,7. Totalmente característico,7. Totalmente característico,5. Característico,4. Indiferente,2. Muito pouco característico,6.Muito característico,6.Muito característico,1. Nada característico,7. Totalmente característico,7. Totalmente característico,1. Nada característico,7. Totalmente característico,2. Muito pouco característico,7. Totalmente característico,7. Totalmente característico,7. Totalmente característico,6.Muito característico,5. Característico,1. Nada característico,3. Pouco característico,4. Indiferente,2. Muito pouco característico,117.0,Média
3dc6eec363,5. Característico,5. Característico,5. Característico,5. Característico,5. Característico,5. Característico,5. Característico,5. Característico,5. Característico,5. Característico,5. Característico,5. Característico,5. Característico,5. Característico,5. Característico,5. Característico,5. Característico,5. Característico,5. Característico,5. Característico,5. Característico,5. Característico,5. Característico,5. Característico,5. Característico,125.0,Média
cc5c2784aa,6.Muito característico,6.Muito característico,7. Totalmente característico,6.Muito característico,7. Totalmente característico,7. Totalmente característico,2. Muito pouco característico,7. Totalmente característico,6.Muito característico,7. Totalmente característico,1. Nada característico,3. Pouco característico,7. Totalmente característico,7. Totalmente característico,6.Muito característico,4. Indiferente,6.Muito característico,7. Totalmente característico,2. Muito pouco característico,1. Nada característico,7. Totalmente característico,1. Nada característico,7. Totalmente característico,7. Totalmente característico,6.Muito característico,133.0,Alta
60743aea9c,3. Pouco característico,5. Característico,6.Muito característico,6.Muito característico,6.Muito característico,6.Muito característico,5. Característico,6.Muito característico,5. Característico,5. Característico,5. Característico,6.Muito característico,6.Muito característico,6.Muito característico,6.Muito característico,6.Muito característico,6.Muito característico,6.Muito característico,5. Característico,4. Indiferente,5. Característico,5. Característico,6.Muito característico,6.Muito característico,6.Muito característico,137.0,Alta
5a2b095a8c,4. Indiferente,6.Muito característico,6.Muito característico,6.Muito característico,6.Muito característico,6.Muito característico,4. Indiferente,6.Muito característico,6.Muito característico,6.Muito característico,2. Muito pouco característico,5. Característico,6.Muito característico,6.Muito característico,6.Muito característico,6.Muito característico,6.Muito característico,6.Muito característico,6.Muito característico,6.Muito característico,6.Muito característico,7. Totalmente característico,6.Muito característico,6.Muito característico,6.Muito característico,142.0,Alta
63d2dce745,6.Muito característico,6.Muito característico,6.Muito característico,6.Muito característico,6.Muito característico,6.Muito característico,4. Indiferente,6.Muito característico,5. Característico,6.Muito característico,4. Indiferente,6.Muito característico,6.Muito característico,6.Muito característico,6.Muito característico,5. Característico,6.Muito característico,6.Muito característico,6.Muito característico,6.Muito característico,6.Muito característico,5. Característico,6.Muito característico,6.Muito característico,6.Muito característico,143.0,Alta
bd5a980750,6.Muito característico,5. Característico,6.Muito característico,7. Totalmente característico,7. Totalmente característico,7. Totalmente característico,2. Muito pouco característico,5. Característico,1. Nada característico,7. Totalmente característico,4. Indiferente,7. Totalmente característico,7. Totalmente característico,7. Totalmente característico,7. Totalmente característico,6.Muito característico,7. Totalmente característico,7. Totalmente característico,7. Totalmente característico,6.Muito característico,7. Totalmente característico,7. Totalmente característico,7. Totalmente característico,7. Totalmente característico,7. Totalmente característico,153.0,Alta
0fce7cde1b,3. Pouco característico,6.Muito característico,6.Muito característico,6.Muito característico,6.Muito característico,6.Muito característico,4. Indiferente,6.Muito característico,6.Muito característico,6.Muito característico,3. Pouco característico,5. Característico,5. Característico,5. Característico,5. Característico,5. Característico,4. Indiferente,5. Característico,5. Característico,3. Pouco característico,4. Indiferente,3. Pouco característico,5. Característico,5. Característico,5. Característico,122.0,Média
ba9c21e94b,5. Característico,5. Característico,6.Muito característico,6.Muito característico,6.Muito característico,6.Muito característico,6.Muito característico,6.Muito característico,6.Muito característico,6.Muito característico,6.Muito característico,6.Muito característico,6.Muito característico,6.Muito característico,6.Muito característico,6.Muito característico,6.Muito característico,6.Muito característico,6.Muito característico,4. Indiferente,6.Muito característico,5. Característico,6.Muito característico,6.Muito característico,6.Muito característico,145.0,Alta
1d54f5ba6d,6.Muito característico,6.Muito característico,6.Muito característico,6.Muito característico,6.Muito característico,6.Muito característico,6.Muito característico,6.Muito característico,3. Pouco característico,6.Muito característico,3. Pouco característico,6.Muito característico,6.Muito característico,6.Muito característico,6.Muito característico,6.Muito característico,6.Muito característico,6.Muito característico,6.Muito característico,6.Muito característico,6.Muito característico,6.Muito característico,6.Muito característico,6.Muito característico,6.Muito característico,144.0,Alta
ea9d273b6c,5. Característico,4. Indiferente,5. Característico,5. Característico,5. Característico,5. Característico,5. Característico,5. Característico,5. Característico,5. Característico,5. Característico,5. Característico,5. Característico,5. Característico,5. Característico,5. Característico,5. Característico,5. Característico,5. Característico,5. Característico,5. Característico,5. Característico,5. Característico,5. Característico,5. Característico,124.0,Média
9e9624ef4d,6.Muito característico,7. Totalmente característico,6.Muito característico,7. Totalmente característico,6.Muito característico,6.Muito característico,4. Indiferente,7. Totalmente característico,6.Muito característico,6.Muito característico,4. Indiferente,4. Indiferente,7. Totalmente característico,6.Muito característico,6.Muito característico,7. Totalmente característico,6.Muito característico,6.Muito característico,7. Totalmente característico,5. Característico,7. Totalmente característico,6.Muito característico,6.Muito característico,6.Muito característico,6.Muito característico,150.0,Alta
90492267c4,5. Característico,7. Totalmente característico,7. Totalmente característico,7. Totalmente característico,7. Totalmente característico,,5. Característico,7. Totalmente característico,1. Nada característico,5. Característico,1. Nada característico,7. Totalmente característico,7. Totalmente característico,6.Muito característico,7. Totalmente característico,6.Muito característico,7. Totalmente característico,7. Totalmente característico,7. Totalmente característico,1. Nada característico,7. Totalmente característico,1. Nada característico,6.Muito característico,7. Totalmente característico,7. Totalmente característico,135.0,Alta
fc7f9b5979,5. Característico,5. Característico,5. Característico,5. Característico,5. Característico,5. Característico,3. Pouco característico,5. Característico,5. Característico,5. Característico,3. Pouco característico,3. Pouco característico,5. Característico,3. Pouco característico,5. Característico,5. Característico,5. Característico,5. Característico,5. Característico,5. Característico,5. Característico,5. Característico,5. Característico,5. Característico,5. Característico,117.0,Média
644e7401f2,3. Pouco característico,2. Muito pouco característico,2. Muito pouco característico,3. Pouco característico,2. Muito pouco característico,3. Pouco característico,4. Indiferente,3. Pouco característico,2. Muito pouco característico,2. Muito pouco característico,5. Característico,2. Muito pouco característico,2. Muito pouco característico,2. Muito pouco característico,3. Pouco característico,2. Muito pouco característico,2. Muito pouco característico,2. Muito pouco característico,2. Muito pouco característico,2. Muito pouco característico,2. Muito pouco característico,3. Pouco característico,2. Muito pouco característico,2. Muito pouco característico,4. Indiferente,63.0,Baixa
acbec10b4b,6.Muito característico,5. Característico,7. Totalmente característico,7. Totalmente característico,7. Totalmente característico,7. Totalmente característico,7. Totalmente característico,7. Totalmente característico,7. Totalmente característico,7. Totalmente característico,1. Nada característico,7. Totalmente característico,7. Totalmente característico,7. Totalmente característico,7. Totalmente característico,7. Totalmente característico,7. Totalmente característico,7. Totalmente característico,7. Totalmente característico,1. Nada característico,7. Totalmente característico,1. Nada característico,6.Muito característico,7. Totalmente característico,7. Totalmente característico,153.0,Alta
787f0f758d,4. Indiferente,6.Muito característico,6.Muito característico,6.Muito característico,6.Muito característico,6.Muito característico,5. Característico,6.Muito característico,5. Característico,6.Muito característico,4. Indiferente,3. Pouco característico,6.Muito característico,6.Muito característico,6.Muito característico,4. Indiferente,6.Muito característico,6.Muito característico,6.Muito característico,6.Muito característico,6.Muito característico,4. Indiferente,6.Muito característico,5. Característico,6.Muito característico,136.0,Alta
1a6dea58bc,6.Muito característico,6.Muito característico,6.Muito característico,6.Muito característico,6.Muito característico,6.Muito característico,6.Muito característico,6.Muito característico,6.Muito característico,6.Muito característico,4. Indiferente,6.Muito característico,6.Muito característico,6.Muito característico,6.Muito característico,6.Muito característico,6.Muito característico,6.Muito característico,6.Muito característico,6.Muito característico,6.Muito característico,4. Indiferente,6.Muito característico,6.Muito característico,6.Muito característico,146.0,Alta
44ba59756d,5. Característico,5. Característico,7. Totalmente característico,7. Totalmente característico,7. Totalmente característico,7. Totalmente característico,4. Indiferente,5. Característico,7. Totalmente característico,7. Totalmente característico,5. Característico,1. Nada característico,7. Totalmente característico,7. Totalmente característico,6.Muito característico,5. Característico,5. Característico,7. Totalmente característico,1. Nada característico,7. Totalmente característico,7. Totalmente característico,1. Nada característico,7. Totalmente característico,7. Totalmente característico,5. Característico,139.0,Alta
1f83c97efb,7. Totalmente característico,7. Totalmente característico,7. Totalmente característico,7. Totalmente característico,7. Totalmente característico,7. Totalmente característico,7. Totalmente característico,7. Totalmente característico,7. Totalmente característico,7. Totalmente característico,5. Característico,5. Característico,7. Totalmente característico,7. Totalmente característico,7. Totalmente característico,7. Totalmente característico,7. Totalmente característico,5. Característico,7. Totalmente característico,5. Característico,7. Totalmente característico,7. Totalmente característico,7. Totalmente característico,7. Totalmente característico,7. Totalmente característico,167.0,Alta
9253fcca2a,5. Característico,5. Característico,5. Característico,5. Característico,5. Característico,5. Característico,3. Pouco característico,5. Característico,5. Característico,5. Característico,5. Característico,3. Pouco característico,5. Característico,5. Característico,5. Característico,5. Característico,5. Característico,3. Pouco característico,5. Característico,3. Pouco característico,5. Característico,3. Pouco característico,5. Característico,5. Característico,5. Característico,115.0,Média
2cab56cd4f,7. Totalmente característico,7. Totalmente característico,7. Totalmente característico,7. Totalmente característico,7. Totalmente característico,7. Totalmente característico,5. Característico,7. Totalmente característico,7. Totalmente característico,7. Totalmente característico,7. Totalmente característico,5. Característico,6.Muito característico,7. Totalmente característico,7. Totalmente característico,7. Totalmente característico,7. Totalmente característico,7. Totalmente característico,7. Totalmente característico,7. Totalmente característico,7. Totalmente característico,7. Totalmente característico,7. Totalmente característico,7. Totalmente característico,7. Totalmente característico,170.0,Alta
d0289b699c,5. Característico,5. Característico,5. Característico,5. Característico,7. Totalmente característico,7. Totalmente característico,4. Indiferente,7. Totalmente característico,7. Totalmente característico,7. Totalmente característico,1. Nada característico,2. Muito pouco característico,7. Totalmente característico,7. Totalmente característico,4. Indiferente,2. Muito pouco característico,5. Característico,7. Totalmente característico,7. Totalmente característico,1. Nada característico,7. Totalmente característico,1. Nada característico,5. Característico,2. Muito pouco característico,7. Totalmente característico,124.0,Média
b55171a0a7,7. Totalmente característico,7. Totalmente característico,7. Totalmente característico,7. Totalmente característico,7. Totalmente característico,7. Totalmente característico,2. Muito pouco característico,7. Totalmente característico,6.Muito característico,7. Totalmente característico,3. Pouco característico,7. Totalmente característico,7. Totalmente característico,7. Totalmente característico,7. Totalmente característico,7. Totalmente característico,7. Totalmente característico,7. Totalmente característico,7. Totalmente característico,2. Muito pouco característico,7. Totalmente característico,7. Totalmente característico,7. Totalmente característico,7. Totalmente característico,7. Totalmente característico,160.0,Alta
69aaecd1d6,5. Característico,5. Característico,6.Muito característico,6.Muito característico,6.Muito característico,6.Muito característico,1. Nada característico,6.Muito característico,3. Pouco característico,6.Muito característico,1. Nada característico,3. Pouco característico,3. Pouco característico,7. Totalmente característico,5. Característico,6.Muito característico,5. Característico,5. Característico,6.Muito característico,6.Muito característico,7. Totalmente característico,5. Característico,5. Característico,5. Característico,6.Muito característico,125.0,Média
e1568a2935,4. Indiferente,7. Totalmente característico,7. Totalmente característico,5. Característico,7. Totalmente característico,7. Totalmente característico,7. Totalmente característico,7. Totalmente característico,7. Totalmente característico,7. Totalmente característico,1. Nada característico,5. Característico,7. Totalmente característico,7. Totalmente característico,7. Totalmente característico,7. Totalmente característico,7. Totalmente característico,7. Totalmente característico,7. Totalmente característico,6.Muito característico,7. Totalmente característico,7. Totalmente característico,7. Totalmente característico,7. Totalmente característico,7. Totalmente característico,161.0,Alta
65fbf10900,7. Totalmente característico,7. Totalmente característico,7. Totalmente característico,7. Totalmente característico,7. Totalmente característico,7. Totalmente característico,6.Muito característico,7. Totalmente característico,7. Totalmente característico,7. Totalmente característico,1. Nada característico,7. Totalmente característico,7. Totalmente característico,7. Totalmente característico,7. Totalmente característico,7. Totalmente característico,7. Totalmente característico,7. Totalmente característico,7. Totalmente característico,7. Totalmente característico,7. Totalmente característico,7. Totalmente característico,7. Totalmente característico,7. Totalmente característico,7. Totalmente característico,168.0,Alta
424b48282f,7. Totalmente característico,5. Característico,7. Totalmente característico,7. Totalmente característico,7. Totalmente característico,7. Totalmente característico,7. Totalmente característico,7. Totalmente característico,7. Totalmente característico,7. Totalmente característico,7. Totalmente característico,6.Muito característico,7. Totalmente característico,7. Totalmente característico,7. Totalmente característico,7. Totalmente característico,7. Totalmente característico,7. Totalmente característico,7. Totalmente característico,7. Totalmente característico,7. Totalmente característico,5. Característico,7. Totalmente característico,7. Totalmente característico,7. Totalmente característico,170.0,Alta
a7acfdc6da,6.Muito característico,5. Característico,7. Totalmente característico,6.Muito característico,7. Totalmente característico,7. Totalmente característico,3. Pouco característico,7. Totalmente característico,7. Totalmente característico,7. Totalmente característico,1. Nada característico,7. Totalmente característico,7. Totalmente característico,7. Totalmente característico,7. Totalmente característico,5. Característico,7. Totalmente característico,7. Totalmente característico,7. Totalmente característico,5. Característico,6.Muito característico,7. Totalmente característico,7. Totalmente característico,7. Totalmente característico,7. Totalmente característico,156.0,Alta
fcdc0d31b1,7. Totalmente característico,6.Muito característico,7. Totalmente característico,7. Totalmente característico,7. Totalmente característico,7. Totalmente característico,3. Pouco característico,7. Totalmente característico,7. Totalmente característico,7. Totalmente característico,1. Nada característico,1. Nada característico,7. Totalmente característico,7. Totalmente característico,7. Totalmente característico,7. Totalmente característico,7. Totalmente característico,7. Totalmente característico,6.Muito característico,7. Totalmente característico,7. Totalmente característico,5. Característico,6.Muito característico,7. Totalmente característico,7. Totalmente característico,154.0,Alta
7703355888,7. Totalmente característico,7. Totalmente característico,7. Totalmente característico,,4. Indiferente,7. Totalmente característico,7. Totalmente característico,7. Totalmente característico,7. Totalmente característico,7. Totalmente característico,7. Totalmente característico,7. Totalmente característico,7. Totalmente característico,7. Totalmente característico,7. Totalmente característico,6.Muito característico,3. Pouco característico,7. Totalmente característico,5. Característico,5. Característico,6.Muito característico,7. Totalmente característico,7. Totalmente característico,6.Muito característico,7. Totalmente característico,154.0,Alta
c5168b6eeb,5. Característico,6.Muito característico,7. Totalmente característico,7. Totalmente característico,7. Totalmente característico,7. Totalmente característico,6.Muito característico,7. Totalmente característico,7. Totalmente característico,6.Muito característico,4. Indiferente,5. Característico,7. Totalmente característico,4. Indiferente,5. Característico,6.Muito característico,6.Muito característico,7. Totalmente característico,6.Muito característico,6.Muito característico,7. Totalmente característico,7. Totalmente característico,7. Totalmente característico,7. Totalmente característico,7. Totalmente característico,156.0,Alta
00407aa444,3. Pouco característico,3. Pouco característico,7. Totalmente característico,7. Totalmente característico,7. Totalmente característico,6.Muito característico,7. Totalmente característico,7. Totalmente característico,5. Característico,5. Característico,1. Nada característico,7. Totalmente característico,5. Característico,7. Totalmente característico,7. Totalmente característico,7. Totalmente característico,7. Totalmente característico,4. Indiferente,7. Totalmente característico,7. Totalmente característico,7. Totalmente característico,6.Muito característico,7. Totalmente característico,7. Totalmente característico,7. Totalmente característico,150.0,Alta
ed07c8b941,6.Muito característico,4. Indiferente,5. Característico,5. Característico,5. Característico,7. Totalmente característico,5. Característico,6.Muito característico,4. Indiferente,6.Muito característico,4. Indiferente,3. Pouco característico,7. Totalmente característico,7. Totalmente característico,5. Característico,7. Totalmente característico,6.Muito característico,7. Totalmente característico,5. Característico,3. Pouco característico,7. Totalmente característico,5. Característico,4. Indiferente,7. Totalmente característico,7. Totalmente característico,137.0,Alta
b9bcab3e04,6.Muito característico,5. Característico,6.Muito característico,6.Muito característico,6.Muito característico,6.Muito característico,5. Característico,7. Totalmente característico,6.Muito característico,7. Totalmente característico,1. Nada característico,3. Pouco característico,7. Totalmente característico,7. Totalmente característico,7. Totalmente característico,7. Totalmente característico,6.Muito característico,7. Totalmente característico,6.Muito característico,5. Característico,6.Muito característico,1. Nada característico,6.Muito característico,7. Totalmente característico,6.Muito característico,142.0,Alta
7f12c8932c,6.Muito característico,6.Muito característico,6.Muito característico,6.Muito característico,6.Muito característico,6.Muito característico,6.Muito característico,6.Muito característico,6.Muito característico,6.Muito característico,1. Nada característico,2. Muito pouco característico,6.Muito característico,6.Muito característico,6.Muito característico,6.Muito característico,6.Muito característico,6.Muito característico,6.Muito característico,5. Característico,7. Totalmente característico,6.Muito característico,7. Totalmente característico,7. Totalmente característico,7. Totalmente característico,144.0,Alta
a024e69d78,4. Indiferente,6.Muito característico,6.Muito característico,6.Muito característico,6.Muito característico,6.Muito característico,6.Muito característico,6.Muito característico,6.Muito característico,6.Muito característico,2. Muito pouco característico,2. Muito pouco característico,6.Muito característico,6.Muito característico,6.Muito característico,6.Muito característico,6.Muito característico,6.Muito característico,6.Muito característico,1. Nada característico,6.Muito característico,6.Muito característico,6.Muito característico,6.Muito característico,6.Muito característico,135.0,Alta
2486ad115a,2. Muito pouco característico,1. Nada característico,1. Nada característico,2. Muito pouco característico,1. Nada característico,2. Muito pouco característico,2. Muito pouco característico,2. Muito pouco característico,2. Muito pouco característico,2. Muito pouco característico,1. Nada característico,2. Muito pouco característico,2. Muito pouco característico,2. Muito pouco característico,2. Muito pouco característico,2. Muito pouco característico,2. Muito pouco característico,2. Muito pouco característico,2. Muito pouco característico,1. Nada característico,2. Muito pouco característico,2. Muito pouco característico,2. Muito pouco característico,2. Muito pouco característico,2. Muito pouco característico,45.0,Baixa
55bcecf418,6.Muito característico,6.Muito característico,6.Muito característico,6.Muito característico,6.Muito característico,5. Característico,5. Característico,6.Muito característico,6.Muito característico,7. Totalmente característico,5. Característico,6.Muito característico,6.Muito característico,6.Muito característico,6.Muito característico,6.Muito característico,6.Muito característico,6.Muito característico,5. Característico,6.Muito característico,6.Muito característico,6.Muito característico,6.Muito característico,6.Muito característico,6.Muito característico,147.0,Alta
b570e6a8af,3. Pouco característico,7. Totalmente característico,4. Indiferente,7. Totalmente característico,5. Característico,7. Totalmente característico,5. Característico,7. Totalmente característico,1. Nada característico,7. Totalmente característico,3. Pouco característico,1. Nada característico,4. Indiferente,7. Totalmente característico,1. Nada característico,1. Nada característico,4. Indiferente,5. Característico,4. Indiferente,1. Nada característico,1. Nada característico,5. Característico,4. Indiferente,3. Pouco característico,3. Pouco característico,100.0,Alta
8aca88a3d4,7. Totalmente característico,6.Muito característico,1. Nada característico,7. Totalmente característico,7. Totalmente característico,7. Totalmente característico,4. Indiferente,7. Totalmente característico,7. Totalmente característico,7. Totalmente característico,7. Totalmente característico,6.Muito característico,5. Característico,7. Totalmente característico,6.Muito característico,6.Muito característico,6.Muito característico,6.Muito característico,6.Muito característico,6.Muito característico,6.Muito característico,7. Totalmente característico,6.Muito característico,2. Muito pouco característico,7. Totalmente característico,149.0,Alta
47eae2edd8,5. Característico,7. Totalmente característico,7. Totalmente característico,7. Totalmente característico,7. Totalmente característico,7. Totalmente característico,7. Totalmente característico,7. Totalmente característico,7. Totalmente característico,7. Totalmente característico,7. Totalmente característico,7. Totalmente característico,7. Totalmente característico,7. Totalmente característico,7. Totalmente característico,7. Totalmente característico,7. Totalmente característico,7. Totalmente característico,6.Muito característico,7. Totalmente característico,7. Totalmente característico,7. Totalmente característico,7. Totalmente característico,7. Totalmente característico,7. Totalmente característico,172.0,Alta
0f8e5bde87,7. Totalmente característico,6.Muito característico,5. Característico,7. Totalmente característico,3. Pouco característico,7. Totalmente característico,7. Totalmente característico,7. Totalmente característico,7. Totalmente característico,7. Totalmente característico,6.Muito característico,7. Totalmente característico,7. Totalmente característico,4. Indiferente,5. Característico,5. Característico,5. Característico,4. Indiferente,5. Característico,7. Totalmente característico,6.Muito característico,7. Totalmente característico,6.Muito característico,7. Totalmente característico,6.Muito característico,150.0,Alta
bd68d7f1e4,7. Totalmente característico,7. Totalmente característico,7. Totalmente característico,7. Totalmente característico,7. Totalmente característico,7. Totalmente característico,1. Nada característico,7. Totalmente característico,7. Totalmente característico,7. Totalmente característico,7. Totalmente característico,7. Totalmente característico,7. Totalmente característico,1. Nada característico,7. Totalmente característico,7. Totalmente característico,7. Totalmente característico,7. Totalmente característico,7. Totalmente característico,1. Nada característico,7. Totalmente característico,7. Totalmente característico,7. Totalmente característico,7. Totalmente característico,7. Totalmente característico,157.0,Alta
4941e786cf,7. Totalmente característico,5. Característico,7. Totalmente característico,7. Totalmente característico,7. Totalmente característico,6.Muito característico,5. Característico,7. Totalmente característico,7. Totalmente característico,7. Totalmente característico,1. Nada característico,7. Totalmente característico,1. Nada característico,7. Totalmente característico,7. Totalmente característico,7. Totalmente característico,1. Nada característico,7. Totalmente característico,7. Totalmente característico,1. Nada característico,7. Totalmente característico,1. Nada característico,6.Muito característico,7. Totalmente característico,7. Totalmente característico,139.0,Alta
e534f3401a,7. Totalmente característico,5. Característico,2. Muito pouco característico,7. Totalmente característico,7. Totalmente característico,1. Nada característico,5. Característico,7. Totalmente característico,2. Muito pouco característico,7. Totalmente característico,6.Muito característico,7. Totalmente característico,5. Característico,5. Característico,6.Muito característico,7. Totalmente característico,7. Totalmente característico,7. Totalmente característico,7. Totalmente característico,5. Característico,7. Totalmente característico,7. Totalmente característico,7. Totalmente característico,6.Muito característico,7. Totalmente característico,146.0,Alta
8a2429d614,5. Característico,5. Característico,5. Característico,6.Muito característico,5. Característico,6.Muito característico,6.Muito característico,6.Muito característico,6.Muito característico,6.Muito característico,5. Característico,6.Muito característico,6.Muito característico,6.Muito característico,6.Muito característico,6.Muito característico,6.Muito característico,6.Muito característico,6.Muito característico,6.Muito característico,6.Muito característico,6.Muito característico,6.Muito característico,6.Muito característico,6.Muito característico,145.0,Alta
9ed950e772,2. Muito pouco característico,1. Nada característico,2. Muito pouco característico,1. Nada característico,1. Nada característico,1. Nada característico,1. Nada característico,1. Nada característico,1. Nada característico,1. Nada característico,1. Nada característico,1. Nada característico,1. Nada característico,2. Muito pouco característico,2. Muito pouco característico,2. Muito pouco característico,2. Muito pouco característico,2. Muito pouco característico,2. Muito pouco característico,2. Muito pouco característico,2. Muito pouco característico,2. Muito pouco característico,2. Muito pouco característico,2. Muito pouco característico,1. Nada característico,38.0,Baixa
8d66af658d,7. Totalmente característico,5. Característico,1. Nada característico,4. Indiferente,1. Nada característico,1. Nada característico,1. Nada característico,1. Nada característico,1. Nada característico,7. Totalmente característico,4. Indiferente,1. Nada característico,1. Nada característico,4. Indiferente,4. Indiferente,6.Muito característico,4. Indiferente,6.Muito característico,6.Muito característico,6.Muito característico,6.Muito característico,6.Muito característico,6.Muito característico,6.Muito característico,6.Muito característico,101.0,Média
9bbbef2d2e,5. Característico,3. Pouco característico,7. Totalmente característico,7. Totalmente característico,7. Totalmente característico,7. Totalmente característico,1. Nada característico,7. Totalmente característico,7. Totalmente característico,7. Totalmente característico,1. Nada característico,7. Totalmente característico,5. Característico,1. Nada característico,7. Totalmente característico,1. Nada característico,7. Totalmente característico,7. Totalmente característico,7. Totalmente característico,1. Nada característico,7. Totalmente característico,1. Nada característico,7. Totalmente característico,7. Totalmente característico,7. Totalmente característico,131.0,Alta
7f594ffed3,3. Pouco característico,3. Pouco característico,3. Pouco característico,3. Pouco característico,3. Pouco característico,2. Muito pouco característico,1. Nada característico,1. Nada característico,1. Nada característico,2. Muito pouco característico,2. Muito pouco característico,1. Nada característico,1. Nada característico,1. Nada característico,2. Muito pouco característico,2. Muito pouco característico,1. Nada característico,2. Muito pouco característico,2. Muito pouco característico,1. Nada característico,2. Muito pouco característico,2. Muito pouco característico,1. Nada característico,1. Nada característico,1. Nada característico,44.0,Baixa
adf790048c,6.Muito característico,7. Totalmente característico,5. Característico,6.Muito característico,5. Característico,6.Muito característico,5. Característico,6.Muito característico,5. Característico,5. Característico,5. Característico,6.Muito característico,7. Totalmente característico,4. Indiferente,5. Característico,4. Indiferente,5. Característico,5. Característico,5. Característico,6.Muito característico,6.Muito característico,6.Muito característico,6.Muito característico,4. Indiferente,7. Totalmente característico,137.0,Alta
2e61926525,7. Totalmente característico,6.Muito característico,6.Muito característico,7. Totalmente característico,6.Muito característico,7. Totalmente característico,5. Característico,7. Totalmente característico,7. Totalmente característico,7. Totalmente característico,3. Pouco característico,5. Característico,6.Muito característico,7. Totalmente característico,7. Totalmente característico,6.Muito característico,5. Característico,7. Totalmente característico,5. Característico,2. Muito pouco característico,7. Totalmente característico,1. Nada característico,6.Muito característico,7. Totalmente característico,7. Totalmente característico,146.0,Alta
4f669f20f5,7. Totalmente característico,7. Totalmente característico,7. Totalmente característico,7. Totalmente característico,7. Totalmente característico,7. Totalmente característico,7. Totalmente característico,6.Muito característico,7. Totalmente característico,7. Totalmente característico,6.Muito característico,7. Totalmente característico,7. Totalmente característico,7. Totalmente característico,7. Totalmente característico,7. Totalmente característico,7. Totalmente característico,7. Totalmente característico,7. Totalmente característico,7. Totalmente característico,6.Muito característico,7. Totalmente característico,7. Totalmente característico,7. Totalmente característico,7. Totalmente característico,172.0,Alta
f86b295915,2. Muito pouco característico,5. Característico,5. Característico,5. Característico,5. Característico,5. Característico,5. Característico,5. Característico,5. Característico,5. Característico,5. Característico,2. Muito pouco característico,5. Característico,5. Característico,5. Característico,5. Característico,5. Característico,5. Característico,5. Característico,5. Característico,5. Característico,5. Característico,5. Característico,5. Característico,5. Característico,119.0,Média
cb00423e72,5. Característico,5. Característico,5. Característico,5. Característico,5. Característico,5. Característico,5. Característico,5. Característico,5. Característico,5. Característico,5. Característico,5. Característico,5. Característico,5. Característico,5. Característico,5. Característico,5. Característico,5. Característico,5. Característico,5. Característico,5. Característico,5. Característico,5. Característico,5. Característico,5. Característico,125.0,Média
91b8f4e71e,5. Característico,5. Característico,5. Característico,5. Característico,5. Característico,5. Característico,3. Pouco característico,5. Característico,5. Característico,5. Característico,5. Característico,5. Característico,5. Característico,5. Característico,5. Característico,5. Característico,5. Característico,5. Característico,5. Característico,5. Característico,5. Característico,5. Característico,5. Característico,5. Característico,5. Característico,123.0,Média
f25efaafa7,5. Característico,5. Característico,5. Característico,5. Característico,5. Característico,5. Característico,5. Característico,5. Característico,5. Característico,5. Característico,5. Característico,5. Característico,5. Característico,5. Característico,5. Característico,5. Característico,5. Característico,5. Característico,5. Característico,5. Característico,5. Característico,5. Característico,5. Característico,5. Característico,5. Característico,125.0,Média
996667e985,7. Totalmente característico,5. Característico,7. Totalmente característico,5. Característico,7. Totalmente característico,7. Totalmente característico,5. Característico,7. Totalmente característico,7. Totalmente característico,7. Totalmente característico,4. Indiferente,7. Totalmente característico,7. Totalmente característico,7. Totalmente característico,7. Totalmente característico,7. Totalmente característico,7. Totalmente característico,7. Totalmente característico,7. Totalmente característico,3. Pouco característico,7. Totalmente característico,7. Totalmente característico,7. Totalmente característico,7. Totalmente característico,7. Totalmente característico,162.0,Alta
b51c9ba2fe,5. Característico,5. Característico,5. Característico,5. Característico,5. Característico,5. Característico,5. Característico,5. Característico,5. Característico,5. Característico,5. Característico,5. Característico,5. Característico,5. Característico,5. Característico,5. Característico,5. Característico,5. Característico,5. Característico,5. Característico,5. Característico,5. Característico,5. Característico,5. Característico,5. Característico,125.0,Média
bb6688ee78,5. Característico,5. Característico,5. Característico,5. Característico,5. Característico,5. Característico,5. Característico,5. Característico,5. Característico,5. Característico,5. Característico,5. Característico,5. Característico,5. Característico,5. Característico,5. Característico,5. Característico,5. Característico,5. Característico,5. Característico,5. Característico,5. Característico,5. Característico,5. Característico,5. Característico,125.0,Média
c2dd34c303,7. Totalmente característico,5. Característico,7. Totalmente característico,7. Totalmente característico,7. Totalmente característico,7. Totalmente característico,4. Indiferente,4. Indiferente,7. Totalmente característico,7. Totalmente característico,4. Indiferente,7. Totalmente característico,7. Totalmente característico,7. Totalmente característico,7. Totalmente característico,7. Totalmente característico,6.Muito característico,7. Totalmente característico,6.Muito característico,6.Muito característico,7. Totalmente característico,5. Característico,5. Característico,6.Muito característico,7. Totalmente característico,156.0,Alta
2c9a56aea8,2. Muito pouco característico,6.Muito característico,7. Totalmente característico,7. Totalmente característico,7. Totalmente característico,7. Totalmente característico,2. Muito pouco característico,6.Muito característico,3. Pouco característico,4. Indiferente,3. Pouco característico,7. Totalmente característico,7. Totalmente característico,7. Totalmente característico,7. Totalmente característico,7. Totalmente característico,7. Totalmente característico,7. Totalmente característico,5. Característico,6.Muito característico,7. Totalmente característico,6.Muito característico,4. Indiferente,7. Totalmente característico,7. Totalmente característico,145.0,Alta
664ad0d90f,4. Indiferente,4. Indiferente,4. Indiferente,4. Indiferente,7. Totalmente característico,2. Muito pouco característico,7. Totalmente característico,7. Totalmente característico,7. Totalmente característico,7. Totalmente característico,7. Totalmente característico,7. Totalmente característico,7. Totalmente característico,7. Totalmente característico,7. Totalmente característico,7. Totalmente característico,7. Totalmente característico,7. Totalmente característico,7. Totalmente característico,7. Totalmente característico,7. Totalmente característico,7. Totalmente característico,7. Totalmente característico,7. Totalmente característico,7. Totalmente característico,158.0,Alta
a747345525,2. Muito pouco característico,5. Característico,5. Característico,3. Pouco característico,5. Característico,5. Característico,7. Totalmente característico,7. Totalmente característico,4. Indiferente,5. Característico,4. Indiferente,5. Característico,5. Característico,5. Característico,5. Característico,5. Característico,4. Indiferente,5. Característico,5. Característico,4. Indiferente,3. Pouco característico,3. Pouco característico,4. Indiferente,4. Indiferente,4. Indiferente,113.0,Média
4ac3e1df73,6.Muito característico,5. Característico,6.Muito característico,7. Totalmente característico,7. Totalmente característico,7. Totalmente característico,5. Característico,7. Totalmente característico,5. Característico,6.Muito característico,6.Muito característico,6.Muito característico,7. Totalmente característico,7. Totalmente característico,7. Totalmente característico,7. Totalmente característico,7. Totalmente característico,7. Totalmente característico,6.Muito característico,6.Muito característico,7. Totalmente característico,5. Característico,6.Muito característico,7. Totalmente característico,6.Muito característico,158.0,Alta
cedeaa719a,2. Muito pouco característico,5. Característico,7. Totalmente característico,7. Totalmente característico,7. Totalmente característico,7. Totalmente característico,6.Muito característico,7. Totalmente característico,4. Indiferente,7. Totalmente característico,1. Nada característico,7. Totalmente característico,7. Totalmente característico,6.Muito característico,7. Totalmente característico,7. Totalmente característico,7. Totalmente característico,7. Totalmente característico,7. Totalmente característico,7. Totalmente característico,7. Totalmente característico,1. Nada característico,7. Totalmente característico,7. Totalmente característico,7. Totalmente característico,151.0,Alta
34f2c6d181,5. Característico,5. Característico,7. Totalmente característico,7. Totalmente característico,6.Muito característico,6.Muito característico,3. Pouco característico,6.Muito característico,5. Característico,5. Característico,3. Pouco característico,3. Pouco característico,5. Característico,7. Totalmente característico,6.Muito característico,6.Muito característico,7. Totalmente característico,7. Totalmente característico,6.Muito característico,3. Pouco característico,6.Muito característico,6.Muito característico,7. Totalmente característico,5. Característico,5. Característico,137.0,Alta
387a4fc7d3,6.Muito característico,3. Pouco característico,5. Característico,5. Característico,3. Pouco característico,2. Muito pouco característico,2. Muito pouco característico,3. Pouco característico,3. Pouco característico,6.Muito característico,3. Pouco característico,6.Muito característico,6.Muito característico,6.Muito característico,3. Pouco característico,6.Muito característico,6.Muito característico,6.Muito característico,6.Muito característico,6.Muito característico,4. Indiferente,6.Muito característico,6.Muito característico,6.Muito característico,6.Muito característico,120.0,Média
bc31565469,7. Totalmente característico,7. Totalmente característico,7. Totalmente característico,7. Totalmente característico,7. Totalmente característico,7. Totalmente característico,7. Totalmente característico,7. Totalmente característico,6.Muito característico,6.Muito característico,2. Muito pouco característico,6.Muito característico,7. Totalmente característico,7. Totalmente característico,7. Totalmente característico,7. Totalmente característico,7. Totalmente característico,6.Muito característico,7. Totalmente característico,2. Muito pouco característico,7. Totalmente característico,7. Totalmente característico,7. Totalmente característico,7. Totalmente característico,7. Totalmente característico,161.0,Alta
bcabd9a020,7. Totalmente característico,2. Muito pouco característico,7. Totalmente característico,7. Totalmente característico,7. Totalmente característico,7. Totalmente característico,1. Nada característico,7. Totalmente característico,7. Totalmente característico,7. Totalmente característico,7. Totalmente característico,6.Muito característico,2. Muito pouco característico,7. Totalmente característico,7. Totalmente característico,7. Totalmente característico,1. Nada característico,7. Totalmente característico,7. Totalmente característico,3. Pouco característico,7. Totalmente característico,7. Totalmente característico,1. Nada característico,5. Característico,7. Totalmente característico,140.0,Alta
23bdabe8b2,5. Característico,5. Característico,5. Característico,5. Característico,5. Característico,5. Característico,5. Característico,5. Característico,5. Característico,5. Característico,5. Característico,3. Pouco característico,5. Característico,6.Muito característico,5. Característico,5. Característico,5. Característico,5. Característico,5. Característico,5. Característico,5. Característico,5. Característico,5. Característico,5. Característico,5. Característico,124.0,Média
696b6858fb,5. Característico,5. Característico,5. Característico,5. Característico,5. Característico,5. Característico,3. Pouco característico,5. Característico,3. Pouco característico,6.Muito característico,6.Muito característico,5. Característico,6.Muito característico,7. Totalmente característico,7. Totalmente característico,5. Característico,5. Característico,7. Totalmente característico,7. Totalmente característico,5. Característico,6.Muito característico,5. Característico,7. Totalmente característico,7. Totalmente característico,5. Característico,137.0,Alta
7be2a26021,7. Totalmente característico,6.Muito característico,7. Totalmente característico,7. Totalmente característico,7. Totalmente característico,7. Totalmente característico,7. Totalmente característico,7. Totalmente característico,7. Totalmente característico,7. Totalmente característico,7. Totalmente característico,6.Muito característico,7. Totalmente característico,7. Totalmente característico,7. Totalmente característico,7. Totalmente característico,7. Totalmente característico,7. Totalmente característico,7. Totalmente característico,7. Totalmente característico,7. Totalmente característico,7. Totalmente característico,7. Totalmente característico,7. Totalmente característico,7. Totalmente característico,173.0,Alta
9cd0c75ae9,6.Muito característico,4. Indiferente,7. Totalmente característico,7. Totalmente característico,4. Indiferente,6.Muito característico,4. Indiferente,7. Totalmente característico,2. Muito pouco característico,6.Muito característico,7. Totalmente característico,6.Muito característico,6.Muito característico,3. Pouco característico,5. Característico,4. Indiferente,6.Muito característico,6.Muito característico,7. Totalmente característico,6.Muito característico,6.Muito característico,7. Totalmente característico,7. Totalmente característico,7. Totalmente característico,7. Totalmente característico,143.0,Alta
2de97fa761,7. Totalmente característico,1. Nada característico,1. Nada característico,7. Totalmente característico,7. Totalmente característico,7. Totalmente característico,7. Totalmente característico,7. Totalmente característico,1. Nada característico,7. Totalmente característico,7. Totalmente característico,7. Totalmente característico,7. Totalmente característico,7. Totalmente característico,7. Totalmente característico,7. Totalmente característico,7. Totalmente característico,7. Totalmente característico,7. Totalmente característico,7. Totalmente característico,7. Totalmente característico,1. Nada característico,7. Totalmente característico,7. Totalmente característico,7. Totalmente característico,151.0,Alta
9162efb1df,5. Característico,5. Característico,5. Característico,5. Característico,5. Característico,5. Característico,5. Característico,5. Característico,5. Característico,5. Característico,5. Característico,5. Característico,5. Característico,5. Característico,5. Característico,5. Característico,5. Característico,5. Característico,5. Característico,3. Pouco característico,5. Característico,5. Característico,5. Característico,5. Característico,5. Característico,123.0,Média
6c4568896d,4. Indiferente,6.Muito característico,6.Muito característico,6.Muito característico,6.Muito característico,6.Muito característico,2. Muito pouco característico,6.Muito característico,6.Muito característico,6.Muito característico,6.Muito característico,6.Muito característico,6.Muito característico,7. Totalmente característico,6.Muito característico,6.Muito característico,6.Muito característico,6.Muito característico,6.Muito característico,6.Muito característico,7. Totalmente característico,6.Muito característico,6.Muito característico,2. Muito pouco característico,6.Muito característico,142.0,Alta
ac733089b0,2. Muito pouco característico,3. Pouco característico,1. Nada característico,3. Pouco característico,6.Muito característico,7. Totalmente característico,1. Nada característico,5. Característico,1. Nada característico,2. Muito pouco característico,3. Pouco característico,1. Nada característico,2. Muito pouco característico,1. Nada característico,2. Muito pouco característico,1. Nada característico,1. Nada característico,7. Totalmente característico,7. Totalmente característico,7. Totalmente característico,7. Totalmente característico,1. Nada característico,2. Muito pouco característico,7. Totalmente característico,7. Totalmente característico,87.0,Média
332d70677e,5. Característico,1. Nada característico,5. Característico,5. Característico,5. Característico,5. Característico,1. Nada característico,5. Característico,2. Muito pouco característico,5. Característico,1. Nada característico,5. Característico,5. Característico,5. Característico,5. Característico,6.Muito característico,6.Muito característico,7. Totalmente característico,6.Muito característico,1. Nada característico,7. Totalmente característico,6.Muito característico,5. Característico,5. Característico,5. Característico,114.0,Média
a1869921b5,1. Nada característico,4. Indiferente,1. Nada característico,6.Muito característico,1. Nada característico,6.Muito característico,1. Nada característico,4. Indiferente,1. Nada característico,4. Indiferente,6.Muito característico,6.Muito característico,6.Muito característico,6.Muito característico,6.Muito característico,6.Muito característico,6.Muito característico,6.Muito característico,6.Muito característico,6.Muito característico,6.Muito característico,5. Característico,6.Muito característico,5. Característico,6.Muito característico,117.0,Média
96233e8542,3. Pouco característico,6.Muito característico,6.Muito característico,6.Muito característico,6.Muito característico,6.Muito característico,6.Muito característico,6.Muito característico,3. Pouco característico,6.Muito característico,5. Característico,5. Característico,6.Muito característico,6.Muito característico,6.Muito característico,6.Muito característico,6.Muito característico,6.Muito característico,6.Muito característico,2. Muito pouco característico,7. Totalmente característico,6.Muito característico,6.Muito característico,6.Muito característico,6.Muito característico,139.0,Alta
3f328251ba,2. Muito pouco característico,5. Característico,5. Característico,7. Totalmente característico,3. Pouco característico,7. Totalmente característico,3. Pouco característico,7. Totalmente característico,6.Muito característico,2. Muito pouco característico,7. Totalmente característico,7. Totalmente característico,7. Totalmente característico,7. Totalmente característico,7. Totalmente característico,5. Característico,6.Muito característico,4. Indiferente,7. Totalmente característico,2. Muito pouco característico,7. Totalmente característico,5. Característico,5. Característico,5. Característico,7. Totalmente característico,135.0,Alta
f845cd060f,2. Muito pouco característico,2. Muito pouco característico,2. Muito pouco característico,2. Muito pouco característico,2. Muito pouco característico,2. Muito pouco característico,2. Muito pouco característico,2. Muito pouco característico,2. Muito pouco característico,2. Muito pouco característico,2. Muito pouco característico,2. Muito pouco característico,2. Muito pouco característico,2. Muito pouco característico,2. Muito pouco característico,2. Muito pouco característico,2. Muito pouco característico,2. Muito pouco característico,2. Muito pouco característico,2. Muito pouco característico,2. Muito pouco característico,2. Muito pouco característico,2. Muito pouco característico,2. Muito pouco característico,2. Muito pouco característico,50.0,Baixa
991e546bf5,6.Muito característico,5. Característico,6.Muito característico,6.Muito característico,6.Muito característico,6.Muito característico,3. Pouco característico,6.Muito característico,3. Pouco característico,6.Muito característico,6.Muito característico,6.Muito característico,6.Muito característico,6.Muito característico,6.Muito característico,3. Pouco característico,6.Muito característico,6.Muito característico,6.Muito característico,3. Pouco característico,6.Muito característico,3. Pouco característico,5. Característico,5. Característico,5. Característico,131.0,Alta
f05f94be6f,5. Característico,6.Muito característico,6.Muito característico,5. Característico,6.Muito característico,6.Muito característico,4. Indiferente,5. Característico,1. Nada característico,6.Muito característico,3. Pouco característico,6.Muito característico,6.Muito característico,7. Totalmente característico,6.Muito característico,5. Característico,6.Muito característico,6.Muito característico,6.Muito característico,3. Pouco característico,7. Totalmente característico,1. Nada característico,6.Muito característico,7. Totalmente característico,7. Totalmente característico,132.0,Alta
b34a3f5677,5. Característico,7. Totalmente característico,7. Totalmente característico,7. Totalmente característico,7. Totalmente característico,7. Totalmente característico,1. Nada característico,7. Totalmente característico,7. Totalmente característico,7. Totalmente característico,7. Totalmente característico,7. Totalmente característico,7. Totalmente característico,7. Totalmente característico,7. Totalmente característico,7. Totalmente característico,7. Totalmente característico,7. Totalmente característico,7. Totalmente característico,3. Pouco característico,7. Totalmente característico,6.Muito característico,7. Totalmente característico,7. Totalmente característico,7. Totalmente característico,162.0,Alta
14d9c3b560,7. Totalmente característico,5. Característico,7. Totalmente característico,7. Totalmente característico,7. Totalmente característico,7. Totalmente característico,5. Característico,7. Totalmente característico,7. Totalmente característico,7. Totalmente característico,6.Muito característico,5. Característico,7. Totalmente característico,7. Totalmente característico,7. Totalmente característico,7. Totalmente característico,7. Totalmente característico,7. Totalmente característico,7. Totalmente característico,7. Totalmente característico,7. Totalmente característico,6.Muito característico,7. Totalmente característico,6.Muito característico,6.Muito característico,165.0,Alta
b414132935,7. Totalmente característico,2. Muito pouco característico,7. Totalmente característico,7. Totalmente característico,7. Totalmente característico,7. Totalmente característico,1. Nada característico,7. Totalmente característico,6.Muito característico,7. Totalmente característico,3. Pouco característico,7. Totalmente característico,7. Totalmente característico,7. Totalmente característico,5. Característico,7. Totalmente característico,7. Totalmente característico,7. Totalmente característico,1. Nada característico,7. Totalmente característico,7. Totalmente característico,6.Muito característico,6.Muito característico,7. Totalmente característico,2. Muito pouco característico,144.0,Alta
206e55f458,6.Muito característico,3. Pouco característico,4. Indiferente,6.Muito característico,6.Muito característico,6.Muito característico,6.Muito característico,6.Muito característico,6.Muito característico,6.Muito característico,5. Característico,6.Muito característico,6.Muito característico,6.Muito característico,7. Totalmente característico,7. Totalmente característico,7. Totalmente característico,3. Pouco característico,7. Totalmente característico,4. Indiferente,6.Muito característico,4. Indiferente,7. Totalmente característico,7. Totalmente característico,6.Muito característico,143.0,Alta
bb59de194e,7. Totalmente característico,7. Totalmente característico,3. Pouco característico,7. Totalmente característico,7. Totalmente característico,7. Totalmente característico,2. Muito pouco característico,7. Totalmente característico,2. Muito pouco característico,7. Totalmente característico,7. Totalmente característico,7. Totalmente característico,7. Totalmente característico,7. Totalmente característico,7. Totalmente característico,7. Totalmente característico,7. Totalmente característico,7. Totalmente característico,7. Totalmente característico,7. Totalmente característico,7. Totalmente característico,7. Totalmente característico,7. Totalmente característico,7. Totalmente característico,7. Totalmente característico,161.0,Alta
22d2ad694a,6.Muito característico,5. Característico,5. Característico,6.Muito característico,6.Muito característico,6.Muito característico,6.Muito característico,7. Totalmente característico,5. Característico,7. Totalmente característico,7. Totalmente característico,7. Totalmente característico,7. Totalmente característico,7. Totalmente característico,7. Totalmente característico,7. Totalmente característico,7. Totalmente característico,7. Totalmente característico,7. Totalmente característico,7. Totalmente característico,7. Totalmente característico,7. Totalmente característico,7. Totalmente característico,7. Totalmente característico,7. Totalmente característico,164.0,Alta
2362864313,5. Característico,3. Pouco característico,6.Muito característico,5. Característico,5. Característico,6.Muito característico,1. Nada característico,5. Característico,5. Característico,6.Muito característico,3. Pouco característico,1. Nada característico,5. Característico,7. Totalmente característico,7. Totalmente característico,6.Muito característico,6.Muito característico,5. Característico,5. Característico,1. Nada característico,6.Muito característico,1. Nada característico,7. Totalmente característico,6.Muito característico,6.Muito característico,119.0,Média
8ae844932d,7. Totalmente característico,7. Totalmente característico,7. Totalmente característico,7. Totalmente característico,7. Totalmente característico,5. Característico,7. Totalmente característico,7. Totalmente característico,2. Muito pouco característico,7. Totalmente característico,7. Totalmente característico,7. Totalmente característico,7. Totalmente característico,3. Pouco característico,7. Totalmente característico,7. Totalmente característico,7. Totalmente característico,7. Totalmente característico,7. Totalmente característico,7. Totalmente característico,6.Muito característico,7. Totalmente característico,5. Característico,7. Totalmente característico,1. Nada característico,155.0,Alta
f479d20295,6.Muito característico,6.Muito característico,7. Totalmente característico,6.Muito característico,5. Característico,6.Muito característico,5. Característico,6.Muito característico,5. Característico,5. Característico,5. Característico,5. Característico,6.Muito característico,5. Característico,5. Característico,5. Característico,5. Característico,5. Característico,5. Característico,5. Característico,5. Característico,6.Muito característico,5. Característico,5. Característico,6.Muito característico,135.0,Alta
91ed6bb300,6.Muito característico,7. Totalmente característico,7. Totalmente característico,7. Totalmente característico,7. Totalmente característico,7. Totalmente característico,7. Totalmente característico,7. Totalmente característico,5. Característico,6.Muito característico,6.Muito característico,5. Característico,6.Muito característico,6.Muito característico,6.Muito característico,6.Muito característico,6.Muito característico,6.Muito característico,6.Muito característico,3. Pouco característico,6.Muito característico,6.Muito característico,6.Muito característico,6.Muito característico,6.Muito característico,152.0,Alta
80162d3701,6.Muito característico,6.Muito característico,6.Muito característico,6.Muito característico,6.Muito característico,7. Totalmente característico,7. Totalmente característico,7. Totalmente característico,1. Nada característico,7. Totalmente característico,5. Característico,6.Muito característico,7. Totalmente característico,6.Muito característico,6.Muito característico,6.Muito característico,1. Nada característico,7. Totalmente característico,5. Característico,1. Nada característico,7. Totalmente característico,1. Nada característico,6.Muito característico,6.Muito característico,6.Muito característico,135.0,Alta
294af34d13,4. Indiferente,5. Característico,5. Característico,5. Característico,5. Característico,6.Muito característico,6.Muito característico,6.Muito característico,1. Nada característico,6.Muito característico,4. Indiferente,1. Nada característico,7. Totalmente característico,7. Totalmente característico,6.Muito característico,6.Muito característico,4. Indiferente,6.Muito característico,7. Totalmente característico,1. Nada característico,7. Totalmente característico,7. Totalmente característico,7. Totalmente característico,7. Totalmente característico,6.Muito característico,132.0,Alta
583e03c053,5. Característico,5. Característico,5. Característico,5. Característico,5. Característico,7. Totalmente característico,6.Muito característico,6.Muito característico,3. Pouco característico,7. Totalmente característico,1. Nada característico,6.Muito característico,7. Totalmente característico,7. Totalmente característico,6.Muito característico,6.Muito característico,6.Muito característico,4. Indiferente,3. Pouco característico,5. Característico,7. Totalmente característico,6.Muito característico,4. Indiferente,7. Totalmente característico,3. Pouco característico,132.0,Alta
861892e400,5. Característico,5. Característico,5. Característico,5. Característico,5. Característico,5. Característico,5. Característico,5. Característico,5. Característico,5. Característico,5. Característico,5. Característico,5. Característico,5. Característico,5. Característico,5. Característico,5. Característico,5. Característico,5. Característico,5. Característico,5. Característico,5. Característico,5. Característico,5. Característico,5. Característico,125.0,Média
cf5e1c8ddf,6.Muito característico,6.Muito característico,6.Muito característico,6.Muito característico,6.Muito característico,6.Muito característico,6.Muito característico,6.Muito característico,6.Muito característico,6.Muito característico,5. Característico,3. Pouco característico,6.Muito característico,6.Muito característico,6.Muito característico,6.Muito característico,7. Totalmente característico,5. Característico,6.Muito característico,4. Indiferente,6.Muito característico,1. Nada característico,6.Muito característico,6.Muito característico,6.Muito característico,139.0,Alta
3c04586010,7. Totalmente característico,5. Característico,7. Totalmente característico,7. Totalmente característico,7. Totalmente característico,7. Totalmente característico,5. Característico,7. Totalmente característico,3. Pouco característico,7. Totalmente característico,1. Nada característico,7. Totalmente característico,7. Totalmente característico,7. Totalmente característico,7. Totalmente característico,7. Totalmente característico,7. Totalmente característico,7. Totalmente característico,7. Totalmente característico,1. Nada característico,7. Totalmente característico,1. Nada característico,7. Totalmente característico,7. Totalmente característico,2. Muito pouco característico,144.0,Alta
8864149f9e,2. Muito pouco característico,7. Totalmente característico,7. Totalmente característico,7. Totalmente característico,7. Totalmente característico,7. Totalmente característico,6.Muito característico,7. Totalmente característico,7. Totalmente característico,7. Totalmente característico,7. Totalmente característico,7. Totalmente característico,7. Totalmente característico,7. Totalmente característico,7. Totalmente característico,7. Totalmente característico,7. Totalmente característico,7. Totalmente característico,7. Totalmente característico,7. Totalmente característico,7. Totalmente característico,7. Totalmente característico,7. Totalmente característico,7. Totalmente característico,7. Totalmente característico,169.0,Alta
99aa83239f,2. Muito pouco característico,5. Característico,5. Característico,5. Característico,5. Característico,6.Muito característico,5. Característico,7. Totalmente característico,5. Característico,5. Característico,5. Característico,5. Característico,5. Característico,5. Característico,5. Característico,5. Característico,5. Característico,5. Característico,5. Característico,5. Característico,5. Característico,5. Característico,5. Característico,5. Característico,5. Característico,125.0,Média
d64637c644,6.Muito característico,3. Pouco característico,3. Pouco característico,6.Muito característico,5. Característico,6.Muito característico,3. Pouco característico,6.Muito característico,3. Pouco característico,6.Muito característico,5. Característico,6.Muito característico,2. Muito pouco característico,6.Muito característico,5. Característico,5. Característico,5. Característico,5. Característico,5. Característico,5. Característico,5. Característico,5. Característico,5. Característico,5. Característico,3. Pouco característico,119.0,Média
a7700b5da4,6.Muito característico,5. Característico,6.Muito característico,6.Muito característico,6.Muito característico,6.Muito característico,6.Muito característico,6.Muito característico,5. Característico,7. Totalmente característico,6.Muito característico,6.Muito característico,6.Muito característico,6.Muito característico,6.Muito característico,7. Totalmente característico,6.Muito característico,6.Muito característico,5. Característico,5. Característico,7. Totalmente característico,5. Característico,6.Muito característico,7. Totalmente característico,6.Muito característico,149.0,Alta
7a6f01ee16,7. Totalmente característico,7. Totalmente característico,7. Totalmente característico,7. Totalmente característico,7. Totalmente característico,7. Totalmente característico,6.Muito característico,7. Totalmente característico,5. Característico,7. Totalmente característico,6.Muito característico,7. Totalmente característico,7. Totalmente característico,7. Totalmente característico,7. Totalmente característico,7. Totalmente característico,7. Totalmente característico,7. Totalmente característico,7. Totalmente característico,7. Totalmente característico,7. Totalmente característico,7. Totalmente característico,7. Totalmente característico,7. Totalmente característico,7. Totalmente característico,171.0,Alta
1be65b043f,7. Totalmente característico,7. Totalmente característico,7. Totalmente característico,7. Totalmente característico,7. Totalmente característico,7. Totalmente característico,7. Totalmente característico,7. Totalmente característico,7. Totalmente característico,7. Totalmente característico,3. Pouco característico,7. Totalmente característico,7. Totalmente característico,7. Totalmente característico,7. Totalmente característico,7. Totalmente característico,7. Totalmente característico,7. Totalmente característico,7. Totalmente característico,1. Nada característico,7. Totalmente característico,7. Totalmente característico,7. Totalmente característico,7. Totalmente característico,7. Totalmente característico,165.0,Alta
ebf8c30802,7. Totalmente característico,7. Totalmente característico,7. Totalmente característico,7. Totalmente característico,2. Muito pouco característico,7. Totalmente característico,7. Totalmente característico,7. Totalmente característico,7. Totalmente característico,7. Totalmente característico,5. Característico,7. Totalmente característico,7. Totalmente característico,7. Totalmente característico,7. Totalmente característico,7. Totalmente característico,7. Totalmente característico,7. Totalmente característico,7. Totalmente característico,7. Totalmente característico,7. Totalmente característico,7. Totalmente característico,7. Totalmente característico,7. Totalmente característico,7. Totalmente característico,168.0,Alta
252499064f,5. Característico,6.Muito característico,6.Muito característico,6.Muito característico,5. Característico,6.Muito característico,3. Pouco característico,6.Muito característico,6.Muito característico,5. Característico,4. Indiferente,5. Característico,2. Muito pouco característico,6.Muito característico,5. Característico,2. Muito pouco característico,6.Muito característico,6.Muito característico,6.Muito característico,4. Indiferente,6.Muito característico,6.Muito característico,6.Muito característico,6.Muito característico,6.Muito característico,130.0,Alta
c9ccce4371,7. Totalmente característico,7. Totalmente característico,7. Totalmente característico,7. Totalmente característico,7. Totalmente característico,7. Totalmente característico,7. Totalmente característico,7. Totalmente característico,4. Indiferente,7. Totalmente característico,1. Nada característico,7. Totalmente característico,7. Totalmente característico,7. Totalmente característico,7. Totalmente característico,7. Totalmente característico,7. Totalmente característico,7. Totalmente característico,7. Totalmente característico,7. Totalmente característico,7. Totalmente característico,7. Totalmente característico,7. Totalmente característico,7. Totalmente característico,7. Totalmente característico,166.0,Alta
22fd9d80bc,7. Totalmente característico,7. Totalmente característico,7. Totalmente característico,7. Totalmente característico,7. Totalmente característico,7. Totalmente característico,7. Totalmente característico,7. Totalmente característico,7. Totalmente característico,6.Muito característico,1. Nada característico,7. Totalmente característico,7. Totalmente característico,7. Totalmente característico,4. Indiferente,6.Muito característico,7. Totalmente característico,7. Totalmente característico,7. Totalmente característico,6.Muito característico,7. Totalmente característico,1. Nada característico,7. Totalmente característico,7. Totalmente característico,7. Totalmente característico,157.0,Alta
7df1aa55ee,6.Muito característico,6.Muito característico,6.Muito característico,6.Muito característico,6.Muito característico,6.Muito característico,6.Muito característico,6.Muito característico,6.Muito característico,6.Muito característico,3. Pouco característico,5. Característico,6.Muito característico,6.Muito característico,6.Muito característico,6.Muito característico,6.Muito característico,6.Muito característico,5. Característico,6.Muito característico,7. Totalmente característico,3. Pouco característico,5. Característico,6.Muito característico,6.Muito característico,142.0,Alta
b266f410d3,5. Característico,5. Característico,5. Característico,6.Muito característico,6.Muito característico,5. Característico,3. Pouco característico,6.Muito característico,3. Pouco característico,6.Muito característico,2. Muito pouco característico,4. Indiferente,5. Característico,6.Muito característico,6.Muito característico,4. Indiferente,6.Muito característico,6.Muito característico,4. Indiferente,6.Muito característico,6.Muito característico,2. Muito pouco característico,4. Indiferente,6.Muito característico,6.Muito característico,123.0,Média
28ca1aa6cf,6.Muito característico,5. Característico,6.Muito característico,6.Muito característico,6.Muito característico,6.Muito característico,3. Pouco característico,6.Muito característico,2. Muito pouco característico,6.Muito característico,2. Muito pouco característico,6.Muito característico,6.Muito característico,6.Muito característico,6.Muito característico,4. Indiferente,6.Muito característico,5. Característico,5. Característico,5. Característico,6.Muito característico,6.Muito característico,6.Muito característico,6.Muito característico,6.Muito característico,133.0,Alta
0c6e583c82,7. Totalmente característico,7. Totalmente característico,7. Totalmente característico,7. Totalmente característico,7. Totalmente característico,7. Totalmente característico,7. Totalmente característico,7. Totalmente característico,7. Totalmente característico,7. Totalmente característico,7. Totalmente característico,7. Totalmente característico,7. Totalmente característico,7. Totalmente característico,7. Totalmente característico,4. Indiferente,7. Totalmente característico,7. Totalmente característico,7. Totalmente característico,7. Totalmente característico,7. Totalmente característico,7. Totalmente característico,7. Totalmente característico,7. Totalmente característico,7. Totalmente característico,172.0,Alta
72021d9fbd,7. Totalmente característico,7. Totalmente característico,7. Totalmente característico,7. Totalmente característico,7. Totalmente característico,7. Totalmente característico,7. Totalmente característico,7. Totalmente característico,7. Totalmente característico,7. Totalmente característico,7. Totalmente característico,7. Totalmente característico,7. Totalmente característico,7. Totalmente característico,6.Muito característico,7. Totalmente característico,7. Totalmente característico,7. Totalmente característico,6.Muito característico,6.Muito característico,7. Totalmente característico,7. Totalmente característico,7. Totalmente característico,7. Totalmente característico,7. Totalmente característico,172.0,Alta
3459daeb2b,3. Pouco característico,5. Característico,6.Muito característico,6.Muito característico,6.Muito característico,6.Muito característico,6.Muito característico,6.Muito característico,2. Muito pouco característico,5. Característico,5. Característico,6.Muito característico,5. Característico,6.Muito característico,6.Muito característico,6.Muito característico,6.Muito característico,6.Muito característico,6.Muito característico,2. Muito pouco característico,6.Muito característico,6.Muito característico,6.Muito característico,6.Muito característico,6.Muito característico,135.0,Alta
b771d00c87,7. Totalmente característico,7. Totalmente característico,7. Totalmente característico,7. Totalmente característico,6.Muito característico,7. Totalmente característico,7. Totalmente característico,7. Totalmente característico,4. Indiferente,7. Totalmente característico,7. Totalmente característico,7. Totalmente característico,7. Totalmente característico,7. Totalmente característico,7. Totalmente característico,7. Totalmente característico,7. Totalmente característico,7. Totalmente característico,7. Totalmente característico,5. Característico,7. Totalmente característico,7. Totalmente característico,7. Totalmente característico,7. Totalmente característico,7. Totalmente característico,169.0,Alta
0f7d61ee70,7. Totalmente característico,7. Totalmente característico,7. Totalmente característico,7. Totalmente característico,7. Totalmente característico,7. Totalmente característico,7. Totalmente característico,7. Totalmente característico,6.Muito característico,7. Totalmente característico,7. Totalmente característico,7. Totalmente característico,7. Totalmente característico,7. Totalmente característico,7. Totalmente característico,7. Totalmente característico,7. Totalmente característico,7. Totalmente característico,1. Nada característico,7. Totalmente característico,7. Totalmente característico,7. Totalmente característico,7. Totalmente característico,3. Pouco característico,7. Totalmente característico,164.0,Alta
06aa76d2d0,7. Totalmente característico,7. Totalmente característico,7. Totalmente característico,7. Totalmente característico,7. Totalmente característico,7. Totalmente característico,7. Totalmente característico,7. Totalmente característico,7. Totalmente característico,7. Totalmente característico,7. Totalmente característico,7. Totalmente característico,7. Totalmente característico,7. Totalmente característico,7. Totalmente característico,7. Totalmente característico,7. Totalmente característico,7. Totalmente característico,7. Totalmente característico,7. Totalmente característico,7. Totalmente característico,7. Totalmente característico,7. Totalmente característico,7. Totalmente característico,7. Totalmente característico,175.0,Alta
cb48ffcb1e,3. Pouco característico,3. Pouco característico,3. Pouco característico,6.Muito característico,3. Pouco característico,6.Muito característico,3. Pouco característico,5. Característico,3. Pouco característico,6.Muito característico,6.Muito característico,3. Pouco característico,5. Característico,5. Característico,6.Muito característico,4. Indiferente,6.Muito característico,5. Característico,2. Muito pouco característico,5. Característico,6.Muito característico,2. Muito pouco característico,3. Pouco característico,6.Muito característico,6.Muito característico,111.0,Média
39a06718f3,1. Nada característico,1. Nada característico,5. Característico,5. Característico,6.Muito característico,5. Característico,5. Característico,4. Indiferente,4. Indiferente,4. Indiferente,6.Muito característico,5. Característico,1. Nada característico,1. Nada característico,1. Nada característico,2. Muito pouco característico,1. Nada característico,2. Muito pouco característico,2. Muito pouco característico,2. Muito pouco característico,2. Muito pouco característico,1. Nada característico,1. Nada característico,2. Muito pouco característico,1. Nada característico,70.0,Baixa
1cbc78adb6,1. Nada característico,2. Muito pouco característico,1. Nada característico,2. Muito pouco característico,2. Muito pouco característico,2. Muito pouco característico,2. Muito pouco característico,2. Muito pouco característico,2. Muito pouco característico,2. Muito pouco característico,2. Muito pouco característico,2. Muito pouco característico,2. Muito pouco característico,2. Muito pouco característico,2. Muito pouco característico,2. Muito pouco característico,2. Muito pouco característico,2. Muito pouco característico,2. Muito pouco característico,2. Muito pouco característico,2. Muito pouco característico,2. Muito pouco característico,2. Muito pouco característico,2. Muito pouco característico,2. Muito pouco característico,48.0,Baixa
fa8a0c731e,5. Característico,6.Muito característico,5. Característico,5. Característico,6.Muito característico,5. Característico,6.Muito característico,6.Muito característico,3. Pouco característico,5. Característico,5. Característico,5. Característico,7. Totalmente característico,5. Característico,6.Muito característico,6.Muito característico,6.Muito característico,7. Totalmente característico,6.Muito característico,6.Muito característico,7. Totalmente característico,1. Nada característico,6.Muito característico,7. Totalmente característico,4. Indiferente,136.0,Alta
d650938958,6.Muito característico,6.Muito característico,6.Muito característico,6.Muito característico,6.Muito característico,6.Muito característico,3. Pouco característico,6.Muito característico,6.Muito característico,6.Muito característico,4. Indiferente,4. Indiferente,6.Muito característico,4. Indiferente,6.Muito característico,6.Muito característico,6.Muito característico,6.Muito característico,6.Muito característico,6.Muito característico,6.Muito característico,3. Pouco característico,6.Muito característico,6.Muito característico,6.Muito característico,138.0,Alta
dc1d024af3,1. Nada característico,7. Totalmente característico,7. Totalmente característico,7. Totalmente característico,7. Totalmente característico,1. Nada característico,1. Nada característico,1. Nada característico,1. Nada característico,1. Nada característico,7. Totalmente característico,7. Totalmente característico,7. Totalmente característico,7. Totalmente característico,7. Totalmente característico,5. Característico,7. Totalmente característico,7. Totalmente característico,7. Totalmente característico,7. Totalmente característico,7. Totalmente característico,7. Totalmente característico,4. Indiferente,1. Nada característico,2. Muito pouco característico,123.0,Média
3546bb94a5,6.Muito característico,3. Pouco característico,6.Muito característico,6.Muito característico,4. Indiferente,6.Muito característico,1. Nada característico,6.Muito característico,1. Nada característico,6.Muito característico,6.Muito característico,1. Nada característico,6.Muito característico,6.Muito característico,1. Nada característico,1. Nada característico,1. Nada característico,6.Muito característico,4. Indiferente,1. Nada característico,6.Muito característico,6.Muito característico,6.Muito característico,6.Muito característico,3. Pouco característico,105.0,Alta
c448bab55f,6.Muito característico,4. Indiferente,7. Totalmente característico,6.Muito característico,7. Totalmente característico,6.Muito característico,5. Característico,7. Totalmente característico,6.Muito característico,7. Totalmente característico,5. Característico,6.Muito característico,7. Totalmente característico,6.Muito característico,6.Muito característico,7. Totalmente característico,7. Totalmente característico,7. Totalmente característico,5. Característico,7. Totalmente característico,7. Totalmente característico,5. Característico,6.Muito característico,6.Muito característico,6.Muito característico,154.0,Alta
2fdf182606,6.Muito característico,7. Totalmente característico,5. Característico,7. Totalmente característico,7. Totalmente característico,6.Muito característico,7. Totalmente característico,6.Muito característico,7. Totalmente característico,7. Totalmente característico,7. Totalmente característico,7. Totalmente característico,6.Muito característico,1. Nada característico,7. Totalmente característico,3. Pouco característico,6.Muito característico,6.Muito característico,6.Muito característico,5. Característico,7. Totalmente característico,7. Totalmente característico,6.Muito característico,7. Totalmente característico,5. Característico,151.0,Alta
a65e32af65,1. Nada característico,5. Característico,5. Característico,5. Característico,5. Característico,5. Característico,6.Muito característico,5. Característico,1. Nada característico,5. Característico,1. Nada característico,5. Característico,5. Característico,5. Característico,5. Característico,5. Característico,1. Nada característico,5. Característico,1. Nada característico,5. Característico,5. Característico,1. Nada característico,5. Característico,1. Nada característico,6.Muito característico,99.0,Média
a4ef9103c7,2. Muito pouco característico,2. Muito pouco característico,6.Muito característico,5. Característico,1. Nada característico,6.Muito característico,5. Característico,6.Muito característico,2. Muito pouco característico,3. Pouco característico,5. Característico,6.Muito característico,6.Muito característico,6.Muito característico,5. Característico,3. Pouco característico,4. Indiferente,5. Característico,2. Muito pouco característico,2. Muito pouco característico,4. Indiferente,6.Muito característico,4. Indiferente,5. Característico,6.Muito característico,107.0,Média
31ebe03360,7. Totalmente característico,4. Indiferente,3. Pouco característico,5. Característico,3. Pouco característico,7. Totalmente característico,5. Característico,7. Totalmente característico,3. Pouco característico,7. Totalmente característico,5. Característico,6.Muito característico,7. Totalmente característico,7. Totalmente característico,7. Totalmente característico,6.Muito característico,6.Muito característico,7. Totalmente característico,5. Característico,7. Totalmente característico,7. Totalmente característico,5. Característico,7. Totalmente característico,7. Totalmente característico,7. Totalmente característico,147.0,Alta
063ac97993,6.Muito característico,6.Muito característico,7. Totalmente característico,6.Muito característico,6.Muito característico,6.Muito característico,2. Muito pouco característico,6.Muito característico,6.Muito característico,6.Muito característico,6.Muito característico,5. Característico,6.Muito característico,6.Muito característico,6.Muito característico,6.Muito característico,6.Muito característico,6.Muito característico,6.Muito característico,6.Muito característico,6.Muito característico,6.Muito característico,6.Muito característico,6.Muito característico,6.Muito característico,146.0,Alta
1dda8e870a,2. Muito pouco característico,6.Muito característico,6.Muito característico,6.Muito característico,6.Muito característico,6.Muito característico,2. Muito pouco característico,6.Muito característico,3. Pouco característico,6.Muito característico,2. Muito pouco característico,4. Indiferente,6.Muito característico,6.Muito característico,6.Muito característico,5. Característico,5. Característico,6.Muito característico,6.Muito característico,2. Muito pouco característico,6.Muito característico,6.Muito característico,6.Muito característico,6.Muito característico,6.Muito característico,127.0,Alta
4bfcc68f30,5. Característico,5. Característico,6.Muito característico,6.Muito característico,5. Característico,5. Característico,5. Característico,5. Característico,5. Característico,5. Característico,5. Característico,5. Característico,5. Característico,5. Característico,6.Muito característico,6.Muito característico,6.Muito característico,5. Característico,6.Muito característico,5. Característico,5. Característico,5. Característico,5. Característico,5. Característico,5. Característico,131.0,Alta
ca22220c21,6.Muito característico,6.Muito característico,6.Muito característico,6.Muito característico,6.Muito característico,6.Muito característico,6.Muito característico,6.Muito característico,6.Muito característico,6.Muito característico,5. Característico,6.Muito característico,5. Característico,5. Característico,5. Característico,5. Característico,5. Característico,5. Característico,6.Muito característico,6.Muito característico,6.Muito característico,5. Característico,5. Característico,5. Característico,5. Característico,139.0,Alta
0408b5c666,4. Indiferente,5. Característico,5. Característico,5. Característico,5. Característico,1. Nada característico,4. Indiferente,5. Característico,1. Nada característico,4. Indiferente,1. Nada característico,1. Nada característico,5. Característico,4. Indiferente,2. Muito pouco característico,6.Muito característico,6.Muito característico,6.Muito característico,6.Muito característico,6.Muito característico,3. Pouco característico,6.Muito característico,1. Nada característico,4. Indiferente,6.Muito característico,102.0,Média
192038486d,7. Totalmente característico,7. Totalmente característico,7. Totalmente característico,7. Totalmente característico,7. Totalmente característico,7. Totalmente característico,6.Muito característico,7. Totalmente característico,7. Totalmente característico,7. Totalmente característico,6.Muito característico,7. Totalmente característico,7. Totalmente característico,6.Muito característico,6.Muito característico,6.Muito característico,7. Totalmente característico,7. Totalmente característico,7. Totalmente característico,7. Totalmente característico,7. Totalmente característico,7. Totalmente característico,6.Muito característico,6.Muito característico,6.Muito característico,167.0,Alta
c7f246851c,2. Muito pouco característico,2. Muito pouco característico,2. Muito pouco característico,2. Muito pouco característico,2. Muito pouco característico,2. Muito pouco característico,2. Muito pouco característico,2. Muito pouco característico,2. Muito pouco característico,2. Muito pouco característico,1. Nada característico,2. Muito pouco característico,1. Nada característico,1. Nada característico,1. Nada característico,2. Muito pouco característico,1. Nada característico,1. Nada característico,2. Muito pouco característico,1. Nada característico,1. Nada característico,2. Muito pouco característico,1. Nada característico,2. Muito pouco característico,1. Nada característico,40.0,Baixa
696d0cea24,6.Muito característico,6.Muito característico,3. Pouco característico,6.Muito característico,4. Indiferente,7. Totalmente característico,4. Indiferente,6.Muito característico,6.Muito característico,6.Muito característico,6.Muito característico,3. Pouco característico,6.Muito característico,6.Muito característico,6.Muito característico,6.Muito característico,6.Muito característico,7. Totalmente característico,6.Muito característico,6.Muito característico,6.Muito característico,7. Totalmente característico,7. Totalmente característico,6.Muito característico,4. Indiferente,142.0,Alta
10abcbab4b,7. Totalmente característico,7. Totalmente característico,7. Totalmente característico,7. Totalmente característico,7. Totalmente característico,7. Totalmente característico,3. Pouco característico,7. Totalmente característico,7. Totalmente característico,7. Totalmente característico,1. Nada característico,3. Pouco característico,7. Totalmente característico,6.Muito característico,7. Totalmente característico,2. Muito pouco característico,4. Indiferente,7. Totalmente característico,7. Totalmente característico,6.Muito característico,7. Totalmente característico,7. Totalmente característico,7. Totalmente característico,7. Totalmente característico,7. Totalmente característico,151.0,Alta
0b7933a3e7,6.Muito característico,6.Muito característico,7. Totalmente característico,7. Totalmente característico,7. Totalmente característico,6.Muito característico,4. Indiferente,7. Totalmente característico,7. Totalmente característico,7. Totalmente característico,1. Nada característico,2. Muito pouco característico,7. Totalmente característico,7. Totalmente característico,7. Totalmente característico,6.Muito característico,7. Totalmente característico,7. Totalmente característico,7. Totalmente característico,7. Totalmente característico,7. Totalmente característico,6.Muito característico,6.Muito característico,6.Muito característico,7. Totalmente característico,154.0,Alta
33c5179327,7. Totalmente característico,7. Totalmente característico,7. Totalmente característico,7. Totalmente característico,7. Totalmente característico,7. Totalmente característico,4. Indiferente,7. Totalmente característico,7. Totalmente característico,7. Totalmente característico,4. Indiferente,7. Totalmente característico,7. Totalmente característico,5. Característico,7. Totalmente característico,7. Totalmente característico,7. Totalmente característico,7. Totalmente característico,7. Totalmente característico,1. Nada característico,7. Totalmente característico,3. Pouco característico,7. Totalmente característico,7. Totalmente característico,1. Nada característico,151.0,Alta
c70182e049,7. Totalmente característico,6.Muito característico,7. Totalmente característico,6.Muito característico,7. Totalmente característico,7. Totalmente característico,4. Indiferente,6.Muito característico,6.Muito característico,6.Muito característico,6.Muito característico,6.Muito característico,6.Muito característico,7. Totalmente característico,7. Totalmente característico,5. Característico,6.Muito característico,7. Totalmente característico,6.Muito característico,6.Muito característico,7. Totalmente característico,6.Muito característico,6.Muito característico,6.Muito característico,4. Indiferente,153.0,Alta
d548461691,6.Muito característico,4. Indiferente,6.Muito característico,6.Muito característico,6.Muito característico,6.Muito característico,6.Muito característico,6.Muito característico,6.Muito característico,6.Muito característico,2. Muito pouco característico,6.Muito característico,6.Muito característico,6.Muito característico,6.Muito característico,6.Muito característico,6.Muito característico,6.Muito característico,6.Muito característico,3. Pouco característico,6.Muito característico,5. Característico,6.Muito característico,6.Muito característico,6.Muito característico,140.0,Alta
6802ba8dc2,7. Totalmente característico,7. Totalmente característico,6.Muito característico,7. Totalmente característico,6.Muito característico,7. Totalmente característico,4. Indiferente,7. Totalmente característico,7. Totalmente característico,7. Totalmente característico,6.Muito característico,7. Totalmente característico,7. Totalmente característico,7. Totalmente característico,7. Totalmente característico,7. Totalmente característico,7. Totalmente característico,7. Totalmente característico,7. Totalmente característico,7. Totalmente característico,7. Totalmente característico,7. Totalmente característico,5. Característico,7. Totalmente característico,7. Totalmente característico,167.0,Alta
797a2d7921,6.Muito característico,6.Muito característico,7. Totalmente característico,7. Totalmente característico,7. Totalmente característico,7. Totalmente característico,7. Totalmente característico,7. Totalmente característico,7. Totalmente característico,7. Totalmente característico,1. Nada característico,4. Indiferente,6.Muito característico,7. Totalmente característico,7. Totalmente característico,7. Totalmente característico,7. Totalmente característico,7. Totalmente característico,7. Totalmente característico,6.Muito característico,7. Totalmente característico,4. Indiferente,7. Totalmente característico,6.Muito característico,7. Totalmente característico,158.0,Alta
da023ce622,6.Muito característico,6.Muito característico,3. Pouco característico,6.Muito característico,4. Indiferente,6.Muito característico,6.Muito característico,6.Muito característico,3. Pouco característico,6.Muito característico,6.Muito característico,3. Pouco característico,4. Indiferente,6.Muito característico,6.Muito característico,7. Totalmente característico,6.Muito característico,6.Muito característico,6.Muito característico,6.Muito característico,7. Totalmente característico,6.Muito característico,6.Muito característico,6.Muito característico,6.Muito característico,139.0,Alta
071ea42ff3,6.Muito característico,6.Muito característico,6.Muito característico,6.Muito característico,6.Muito característico,6.Muito característico,2. Muito pouco característico,6.Muito característico,6.Muito característico,6.Muito característico,6.Muito característico,2. Muito pouco característico,6.Muito característico,6.Muito característico,6.Muito característico,6.Muito característico,6.Muito característico,6.Muito característico,6.Muito característico,6.Muito característico,6.Muito característico,6.Muito característico,5. Característico,3. Pouco característico,6.Muito característico,138.0,Alta
c42fec2963,7. Totalmente característico,7. Totalmente característico,7. Totalmente característico,7. Totalmente característico,7. Totalmente característico,7. Totalmente característico,1. Nada característico,7. Totalmente característico,4. Indiferente,7. Totalmente característico,4. Indiferente,4. Indiferente,7. Totalmente característico,7. Totalmente característico,7. Totalmente característico,7. Totalmente característico,7. Totalmente característico,7. Totalmente característico,7. Totalmente característico,7. Totalmente característico,7. Totalmente característico,7. Totalmente característico,6.Muito característico,3. Pouco característico,7. Totalmente característico,155.0,Alta
d47719ca13,7. Totalmente característico,6.Muito característico,6.Muito característico,6.Muito característico,5. Característico,6.Muito característico,5. Característico,6.Muito característico,5. Característico,6.Muito característico,3. Pouco característico,6.Muito característico,6.Muito característico,6.Muito característico,6.Muito característico,6.Muito característico,6.Muito característico,6.Muito característico,6.Muito característico,6.Muito característico,6.Muito característico,1. Nada característico,6.Muito característico,5. Característico,6.Muito característico,139.0,Alta
070130a27e,4. Indiferente,5. Característico,7. Totalmente característico,6.Muito característico,6.Muito característico,7. Totalmente característico,6.Muito característico,6.Muito característico,2. Muito pouco característico,6.Muito característico,6.Muito característico,6.Muito característico,6.Muito característico,6.Muito característico,6.Muito característico,7. Totalmente característico,6.Muito característico,7. Totalmente característico,7. Totalmente característico,4. Indiferente,6.Muito característico,6.Muito característico,5. Característico,6.Muito característico,6.Muito característico,145.0,Alta
5df7389e53,6.Muito característico,6.Muito característico,6.Muito característico,6.Muito característico,4. Indiferente,6.Muito característico,6.Muito característico,6.Muito característico,4. Indiferente,6.Muito característico,5. Característico,6.Muito característico,6.Muito característico,4. Indiferente,6.Muito característico,6.Muito característico,6.Muito característico,7. Totalmente característico,6.Muito característico,7. Totalmente característico,7. Totalmente característico,6.Muito característico,6.Muito característico,7. Totalmente característico,5. Característico,146.0,Alta
f2fd468d61,7. Totalmente característico,6.Muito característico,6.Muito característico,6.Muito característico,5. Característico,2. Muito pouco característico,7. Totalmente característico,7. Totalmente característico,6.Muito característico,5. Característico,5. Característico,6.Muito característico,6.Muito característico,6.Muito característico,6.Muito característico,7. Totalmente característico,6.Muito característico,2. Muito pouco característico,4. Indiferente,4. Indiferente,7. Totalmente característico,6.Muito característico,6.Muito característico,6.Muito característico,6.Muito característico,140.0,Alta
b9a070e807,5. Característico,5. Característico,5. Característico,5. Característico,5. Característico,5. Característico,5. Característico,5. Característico,5. Característico,5. Característico,5. Característico,5. Característico,5. Característico,5. Característico,5. Característico,5. Característico,5. Característico,5. Característico,5. Característico,5. Característico,6.Muito característico,5. Característico,5. Característico,5. Característico,5. Característico,126.0,Alta
fc82462f72,6.Muito característico,6.Muito característico,4. Indiferente,6.Muito característico,5. Característico,7. Totalmente característico,6.Muito característico,6.Muito característico,6.Muito característico,6.Muito característico,1. Nada característico,7. Totalmente característico,7. Totalmente característico,6.Muito característico,5. Característico,6.Muito característico,7. Totalmente característico,6.Muito característico,6.Muito característico,5. Característico,6.Muito característico,4. Indiferente,6.Muito característico,7. Totalmente característico,5. Característico,142.0,Alta
34711c24d7,3. Pouco característico,5. Característico,6.Muito característico,6.Muito característico,6.Muito característico,6.Muito característico,3. Pouco característico,4. Indiferente,6.Muito característico,4. Indiferente,2. Muito pouco característico,4. Indiferente,7. Totalmente característico,3. Pouco característico,6.Muito característico,6.Muito característico,4. Indiferente,6.Muito característico,6.Muito característico,6.Muito característico,6.Muito característico,4. Indiferente,5. Característico,2. Muito pouco característico,5. Característico,121.0,Média
e878123313,6.Muito característico,6.Muito característico,6.Muito característico,6.Muito característico,6.Muito característico,6.Muito característico,3. Pouco característico,6.Muito característico,3. Pouco característico,5. Característico,2. Muito pouco característico,2. Muito pouco característico,5. Característico,6.Muito característico,6.Muito característico,4. Indiferente,3. Pouco característico,6.Muito característico,6.Muito característico,6.Muito característico,6.Muito característico,6.Muito característico,6.Muito característico,6.Muito característico,4. Indiferente,127.0,Alta
681b6d688f,7. Totalmente característico,7. Totalmente característico,5. Característico,7. Totalmente característico,7. Totalmente característico,7. Totalmente característico,5. Característico,7. Totalmente característico,7. Totalmente característico,7. Totalmente característico,1. Nada característico,5. Característico,7. Totalmente característico,6.Muito característico,6.Muito característico,6.Muito característico,6.Muito característico,7. Totalmente característico,7. Totalmente característico,5. Característico,7. Totalmente característico,5. Característico,6.Muito característico,7. Totalmente característico,7. Totalmente característico,154.0,Alta
38be2ad2c0,5. Característico,6.Muito característico,7. Totalmente característico,7. Totalmente característico,7. Totalmente característico,7. Totalmente característico,6.Muito característico,7. Totalmente característico,7. Totalmente característico,7. Totalmente característico,2. Muito pouco característico,5. Característico,7. Totalmente característico,4. Indiferente,7. Totalmente característico,7. Totalmente característico,7. Totalmente característico,7. Totalmente característico,7. Totalmente característico,7. Totalmente característico,7. Totalmente característico,7. Totalmente característico,7. Totalmente característico,7. Totalmente característico,7. Totalmente característico,161.0,Alta
518eb7111a,1. Nada característico,1. Nada característico,1. Nada característico,1. Nada característico,1. Nada característico,1. Nada característico,1. Nada característico,1. Nada característico,1. Nada característico,1. Nada característico,1. Nada característico,1. Nada característico,1. Nada característico,1. Nada característico,1. Nada característico,1. Nada característico,1. Nada característico,1. Nada característico,1. Nada característico,1. Nada característico,1. Nada característico,1. Nada característico,1. Nada característico,1. Nada característico,1. Nada característico,25.0,Baixa
00e41e8955,6.Muito característico,6.Muito característico,6.Muito característico,6.Muito característico,6.Muito característico,6.Muito característico,4. Indiferente,6.Muito característico,5. Característico,6.Muito característico,3. Pouco característico,6.Muito característico,6.Muito característico,6.Muito característico,6.Muito característico,6.Muito característico,6.Muito característico,6.Muito característico,6.Muito característico,6.Muito característico,6.Muito característico,6.Muito característico,6.Muito característico,6.Muito característico,6.Muito característico,144.0,Alta
637211ec73,1. Nada característico,1. Nada característico,1. Nada característico,1. Nada característico,1. Nada característico,1. Nada característico,1. Nada característico,1. Nada característico,1. Nada característico,1. Nada característico,1. Nada característico,1. Nada característico,1. Nada característico,1. Nada característico,4. Indiferente,1. Nada característico,1. Nada característico,1. Nada característico,1. Nada característico,1. Nada característico,2. Muito pouco característico,2. Muito pouco característico,1. Nada característico,2. Muito pouco característico,4. Indiferente,34.0,Baixa
f69f96f535,4. Indiferente,6.Muito característico,6.Muito característico,6.Muito característico,4. Indiferente,5. Característico,6.Muito característico,6.Muito característico,4. Indiferente,4. Indiferente,1. Nada característico,6.Muito característico,6.Muito característico,6.Muito característico,6.Muito característico,6.Muito característico,6.Muito característico,6.Muito característico,6.Muito característico,6.Muito característico,6.Muito característico,4. Indiferente,6.Muito característico,4. Indiferente,6.Muito característico,132.0,Alta
d89f45cb2e,4. Indiferente,4. Indiferente,5. Característico,6.Muito característico,7. Totalmente característico,6.Muito característico,7. Totalmente característico,6.Muito característico,7. Totalmente característico,7. Totalmente característico,7. Totalmente característico,6.Muito característico,6.Muito característico,6.Muito característico,6.Muito característico,7. Totalmente característico,7. Totalmente característico,7. Totalmente característico,6.Muito característico,7. Totalmente característico,6.Muito característico,7. Totalmente característico,6.Muito característico,6.Muito característico,6.Muito característico,155.0,Alta
b4541b284e,3. Pouco característico,4. Indiferente,3. Pouco característico,4. Indiferente,3. Pouco característico,4. Indiferente,4. Indiferente,4. Indiferente,3. Pouco característico,3. Pouco característico,3. Pouco característico,3. Pouco característico,4. Indiferente,4. Indiferente,3. Pouco característico,3. Pouco característico,3. Pouco característico,3. Pouco característico,3. Pouco característico,3. Pouco característico,3. Pouco característico,4. Indiferente,4. Indiferente,4. Indiferente,4. Indiferente,86.0,Média
00e3574880,6.Muito característico,6.Muito característico,6.Muito característico,7. Totalmente característico,6.Muito característico,6.Muito característico,6.Muito característico,6.Muito característico,6.Muito característico,6.Muito característico,6.Muito característico,7. Totalmente característico,7. Totalmente característico,7. Totalmente característico,7. Totalmente característico,7. Totalmente característico,7. Totalmente característico,7. Totalmente característico,3. Pouco característico,2. Muito pouco característico,7. Totalmente característico,4. Indiferente,7. Totalmente característico,7. Totalmente característico,7. Totalmente característico,153.0,Alta
13ae411b29,1. Nada característico,1. Nada característico,1. Nada característico,1. Nada característico,1. Nada característico,1. Nada característico,1. Nada característico,1. Nada característico,1. Nada característico,1. Nada característico,1. Nada característico,1. Nada característico,1. Nada característico,1. Nada característico,1. Nada característico,1. Nada característico,1. Nada característico,1. Nada característico,1. Nada característico,1. Nada característico,1. Nada característico,1. Nada característico,1. Nada característico,1. Nada característico,1. Nada característico,25.0,Baixa
77c66ffeb2,7. Totalmente característico,7. Totalmente característico,7. Totalmente característico,7. Totalmente característico,7. Totalmente característico,7. Totalmente característico,5. Característico,7. Totalmente característico,5. Característico,7. Totalmente característico,5. Característico,7. Totalmente característico,7. Totalmente característico,7. Totalmente característico,7. Totalmente característico,7. Totalmente característico,7. Totalmente característico,7. Totalmente característico,7. Totalmente característico,4. Indiferente,7. Totalmente característico,6.Muito característico,7. Totalmente característico,7. Totalmente característico,7. Totalmente característico,165.0,Alta
6016a41e6f,7. Totalmente característico,7. Totalmente característico,7. Totalmente característico,7. Totalmente característico,7. Totalmente característico,7. Totalmente característico,7. Totalmente característico,7. Totalmente característico,7. Totalmente característico,7. Totalmente característico,7. Totalmente característico,7. Totalmente característico,7. Totalmente característico,7. Totalmente característico,7. Totalmente característico,7. Totalmente característico,7. Totalmente característico,7. Totalmente característico,7. Totalmente característico,7. Totalmente característico,7. Totalmente característico,7. Totalmente característico,7. Totalmente característico,7. Totalmente característico,7. Totalmente característico,175.0,Alta
7cf7ee014d,4. Indiferente,5. Característico,3. Pouco característico,5. Característico,3. Pouco característico,7. Totalmente característico,2. Muito pouco característico,3. Pouco característico,2. Muito pouco característico,3. Pouco característico,2. Muito pouco característico,6.Muito característico,7. Totalmente característico,6.Muito característico,3. Pouco característico,1. Nada característico,1. Nada característico,1. Nada característico,1. Nada característico,5. Característico,5. Característico,7. Totalmente característico,2. Muito pouco característico,2. Muito pouco característico,2. Muito pouco característico,88.0,Média
a7658ceeec,6.Muito característico,5. Característico,7. Totalmente característico,6.Muito característico,7. Totalmente característico,7. Totalmente característico,5. Característico,7. Totalmente característico,6.Muito característico,7. Totalmente característico,2. Muito pouco característico,3. Pouco característico,7. Totalmente característico,7. Totalmente característico,6.Muito característico,6.Muito característico,7. Totalmente característico,7. Totalmente característico,5. Característico,6.Muito característico,7. Totalmente característico,7. Totalmente característico,7. Totalmente característico,7. Totalmente característico,7. Totalmente característico,154.0,Alta
bb3149fccc,7. Totalmente característico,7. Totalmente característico,7. Totalmente característico,7. Totalmente característico,7. Totalmente característico,7. Totalmente característico,7. Totalmente característico,7. Totalmente característico,7. Totalmente característico,7. Totalmente característico,5. Característico,5. Característico,7. Totalmente característico,7. Totalmente característico,7. Totalmente característico,7. Totalmente característico,7. Totalmente característico,7. Totalmente característico,6.Muito característico,3. Pouco característico,7. Totalmente característico,7. Totalmente característico,7. Totalmente característico,7. Totalmente característico,7. Totalmente característico,166.0,Alta
c01578326a,6.Muito característico,6.Muito característico,6.Muito característico,6.Muito característico,6.Muito característico,7. Totalmente característico,6.Muito característico,7. Totalmente característico,6.Muito característico,7. Totalmente característico,2. Muito pouco característico,6.Muito característico,6.Muito característico,6.Muito característico,6.Muito característico,7. Totalmente característico,6.Muito característico,7. Totalmente característico,6.Muito característico,6.Muito característico,6.Muito característico,6.Muito característico,6.Muito característico,6.Muito característico,6.Muito característico,151.0,Alta
78e4e7f319,3. Pouco característico,3. Pouco característico,6.Muito característico,6.Muito característico,6.Muito característico,6.Muito característico,3. Pouco característico,6.Muito característico,4. Indiferente,3. Pouco característico,6.Muito característico,3. Pouco característico,3. Pouco característico,3. Pouco característico,6.Muito característico,6.Muito característico,3. Pouco característico,6.Muito característico,4. Indiferente,6.Muito característico,6.Muito característico,3. Pouco característico,3. Pouco característico,6.Muito característico,6.Muito característico,116.0,Média
d82cfa53e7,3. Pouco característico,3. Pouco característico,3. Pouco característico,5. Característico,5. Característico,5. Característico,3. Pouco característico,5. Característico,3. Pouco característico,6.Muito característico,3. Pouco característico,5. Característico,6.Muito característico,6.Muito característico,5. Característico,6.Muito característico,3. Pouco característico,6.Muito característico,6.Muito característico,6.Muito característico,6.Muito característico,6.Muito característico,5. Característico,5. Característico,6.Muito característico,121.0,Média
7728f34ed1,5. Característico,5. Característico,5. Característico,5. Característico,5. Característico,5. Característico,6.Muito característico,6.Muito característico,5. Característico,5. Característico,5. Característico,5. Característico,5. Característico,5. Característico,5. Característico,5. Característico,5. Característico,5. Característico,5. Característico,2. Muito pouco característico,6.Muito característico,5. Característico,5. Característico,5. Característico,5. Característico,125.0,Média
dcdfff62b6,5. Característico,5. Característico,5. Característico,5. Característico,5. Característico,5. Característico,5. Característico,5. Característico,5. Característico,5. Característico,5. Característico,5. Característico,5. Característico,5. Característico,5. Característico,5. Característico,5. Característico,5. Característico,5. Característico,5. Característico,5. Característico,5. Característico,5. Característico,5. Característico,5. Característico,125.0,Média
78eb958bbd,7. Totalmente característico,7. Totalmente característico,7. Totalmente característico,7. Totalmente característico,7. Totalmente característico,7. Totalmente característico,7. Totalmente característico,7. Totalmente característico,7. Totalmente característico,7. Totalmente característico,1. Nada característico,1. Nada característico,7. Totalmente característico,7. Totalmente característico,7. Totalmente característico,7. Totalmente característico,7. Totalmente característico,7. Totalmente característico,7. Totalmente característico,6.Muito característico,7. Totalmente característico,7. Totalmente característico,7. Totalmente característico,7. Totalmente característico,7. Totalmente característico,162.0,Alta
8087f191e4,7. Totalmente característico,7. Totalmente característico,7. Totalmente característico,7. Totalmente característico,7. Totalmente característico,7. Totalmente característico,7. Totalmente característico,7. Totalmente característico,7. Totalmente característico,7. Totalmente característico,7. Totalmente característico,7. Totalmente característico,7. Totalmente característico,7. Totalmente característico,7. Totalmente característico,7. Totalmente característico,7. Totalmente característico,7. Totalmente característico,7. Totalmente característico,7. Totalmente característico,7. Totalmente característico,7. Totalmente característico,7. Totalmente característico,7. Totalmente característico,7. Totalmente característico,175.0,Alta
79930ef647,3. Pouco característico,4. Indiferente,3. Pouco característico,5. Característico,6.Muito característico,6.Muito característico,4. Indiferente,6.Muito característico,7. Totalmente característico,6.Muito característico,6.Muito característico,5. Característico,5. Característico,4. Indiferente,4. Indiferente,7. Totalmente característico,5. Característico,6.Muito característico,5. Característico,4. Indiferente,5. Característico,5. Característico,7. Totalmente característico,6.Muito característico,3. Pouco característico,127.0,Alta
7f0b22ba1e,7. Totalmente característico,7. Totalmente característico,7. Totalmente característico,7. Totalmente característico,6.Muito característico,7. Totalmente característico,7. Totalmente característico,7. Totalmente característico,7. Totalmente característico,7. Totalmente característico,6.Muito característico,5. Característico,5. Característico,7. Totalmente característico,7. Totalmente característico,7. Totalmente característico,7. Totalmente característico,7. Totalmente característico,7. Totalmente característico,7. Totalmente característico,7. Totalmente característico,7. Totalmente característico,6.Muito característico,1. Nada característico,1. Nada característico,156.0,Alta
689decb647,6.Muito característico,6.Muito característico,6.Muito característico,6.Muito característico,6.Muito característico,6.Muito característico,3. Pouco característico,6.Muito característico,6.Muito característico,5. Característico,3. Pouco característico,6.Muito característico,6.Muito característico,4. Indiferente,6.Muito característico,6.Muito característico,6.Muito característico,6.Muito característico,6.Muito característico,6.Muito característico,6.Muito característico,6.Muito característico,6.Muito característico,6.Muito característico,6.Muito característico,141.0,Alta
221e9d287b,6.Muito característico,6.Muito característico,6.Muito característico,6.Muito característico,6.Muito característico,6.Muito característico,3. Pouco característico,6.Muito característico,6.Muito característico,6.Muito característico,6.Muito característico,6.Muito característico,6.Muito característico,6.Muito característico,6.Muito característico,3. Pouco característico,6.Muito característico,6.Muito característico,6.Muito característico,6.Muito característico,6.Muito característico,6.Muito característico,6.Muito característico,6.Muito característico,6.Muito característico,144.0,Alta
ac99a775dd,6.Muito característico,6.Muito característico,6.Muito característico,6.Muito característico,6.Muito característico,6.Muito característico,3. Pouco característico,6.Muito característico,6.Muito característico,6.Muito característico,6.Muito característico,6.Muito característico,6.Muito característico,6.Muito característico,6.Muito característico,6.Muito característico,6.Muito característico,6.Muito característico,6.Muito característico,6.Muito característico,6.Muito característico,6.Muito característico,6.Muito característico,6.Muito característico,6.Muito característico,147.0,Alta
4b39e72e88,6.Muito característico,6.Muito característico,6.Muito característico,6.Muito característico,6.Muito característico,6.Muito característico,3. Pouco característico,6.Muito característico,6.Muito característico,6.Muito característico,6.Muito característico,4. Indiferente,6.Muito característico,6.Muito característico,6.Muito característico,6.Muito característico,6.Muito característico,6.Muito característico,6.Muito característico,6.Muito característico,6.Muito característico,5. Característico,6.Muito característico,6.Muito característico,6.Muito característico,144.0,Alta
e2b56ed602,6.Muito característico,6.Muito característico,6.Muito característico,6.Muito característico,6.Muito característico,6.Muito característico,4. Indiferente,6.Muito característico,6.Muito característico,6.Muito característico,6.Muito característico,6.Muito característico,6.Muito característico,6.Muito característico,6.Muito característico,6.Muito característico,6.Muito característico,6.Muito característico,6.Muito característico,6.Muito característico,6.Muito característico,6.Muito característico,6.Muito característico,6.Muito característico,6.Muito característico,148.0,Alta
000dbab129,6.Muito característico,4. Indiferente,3. Pouco característico,6.Muito característico,3. Pouco característico,6.Muito característico,3. Pouco característico,6.Muito característico,5. Característico,6.Muito característico,6.Muito característico,6.Muito característico,6.Muito característico,6.Muito característico,6.Muito característico,3. Pouco característico,6.Muito característico,6.Muito característico,6.Muito característico,6.Muito característico,6.Muito característico,6.Muito característico,6.Muito característico,6.Muito característico,6.Muito característico,135.0,Alta
ea75b6aad6,3. Pouco característico,3. Pouco característico,6.Muito característico,5. Característico,6.Muito característico,6.Muito característico,6.Muito característico,6.Muito característico,6.Muito característico,3. Pouco característico,3. Pouco característico,4. Indiferente,6.Muito característico,6.Muito característico,6.Muito característico,6.Muito característico,6.Muito característico,6.Muito característico,6.Muito característico,6.Muito característico,6.Muito característico,6.Muito característico,6.Muito característico,6.Muito característico,6.Muito característico,135.0,Alta
dbcd961c94,5. Característico,5. Característico,5. Característico,5. Característico,5. Característico,5. Característico,5. Característico,5. Característico,5. Característico,5. Característico,5. Característico,5. Característico,5. Característico,5. Característico,5. Característico,5. Característico,5. Característico,5. Característico,5. Característico,5. Característico,5. Característico,5. Característico,5. Característico,5. Característico,5. Característico,125.0,Média
aee5337f97,6.Muito característico,6.Muito característico,6.Muito característico,6.Muito característico,6.Muito característico,6.Muito característico,6.Muito característico,6.Muito característico,6.Muito característico,6.Muito característico,3. Pouco característico,6.Muito característico,6.Muito característico,6.Muito característico,6.Muito característico,6.Muito característico,6.Muito característico,6.Muito característico,6.Muito característico,2. Muito pouco característico,6.Muito característico,6.Muito característico,6.Muito característico,6.Muito característico,6.Muito característico,143.0,Alta
748452a88a,5. Característico,5. Característico,5. Característico,5. Característico,5. Característico,5. Característico,3. Pouco característico,5. Característico,3. Pouco característico,5. Característico,3. Pouco característico,5. Característico,5. Característico,5. Característico,5. Característico,5. Característico,5. Característico,5. Característico,5. Característico,4. Indiferente,5. Característico,5. Característico,5. Característico,5. Característico,5. Característico,118.0,Média
34a6f68320,6.Muito característico,6.Muito característico,6.Muito característico,6.Muito característico,6.Muito característico,6.Muito característico,3. Pouco característico,6.Muito característico,3. Pouco característico,6.Muito característico,6.Muito característico,6.Muito característico,6.Muito característico,6.Muito característico,6.Muito característico,6.Muito característico,6.Muito característico,6.Muito característico,6.Muito característico,6.Muito característico,6.Muito característico,6.Muito característico,6.Muito característico,6.Muito característico,6.Muito característico,144.0,Alta
328932b438,5. Característico,5. Característico,5. Característico,5. Característico,5. Característico,5. Característico,5. Característico,5. Característico,5. Característico,5. Característico,5. Característico,5. Característico,5. Característico,5. Característico,5. Característico,5. Característico,5. Característico,5. Característico,5. Característico,5. Característico,5. Característico,5. Característico,5. Característico,5. Característico,5. Característico,125.0,Média
09b1c752a4,7. Totalmente característico,6.Muito característico,4. Indiferente,7. Totalmente característico,6.Muito característico,7. Totalmente característico,7. Totalmente característico,7. Totalmente característico,7. Totalmente característico,7. Totalmente característico,6.Muito característico,6.Muito característico,6.Muito característico,6.Muito característico,7. Totalmente característico,7. Totalmente característico,7. Totalmente característico,7. Totalmente característico,7. Totalmente característico,7. Totalmente característico,7. Totalmente característico,7. Totalmente característico,7. Totalmente característico,7. Totalmente característico,7. Totalmente característico,166.0,Alta
a0ac84d923,6.Muito característico,6.Muito característico,6.Muito característico,6.Muito característico,6.Muito característico,6.Muito característico,4. Indiferente,6.Muito característico,6.Muito característico,6.Muito característico,6.Muito característico,6.Muito característico,6.Muito característico,6.Muito característico,6.Muito característico,6.Muito característico,6.Muito característico,6.Muito característico,6.Muito característico,6.Muito característico,6.Muito característico,6.Muito característico,6.Muito característico,6.Muito característico,6.Muito característico,148.0,Alta
71e193e965,1. Nada característico,7. Totalmente característico,7. Totalmente característico,7. Totalmente característico,6.Muito característico,7. Totalmente característico,7. Totalmente característico,6.Muito característico,7. Totalmente característico,7. Totalmente característico,7. Totalmente característico,1. Nada característico,7. Totalmente característico,1. Nada característico,5. Característico,3. Pouco característico,7. Totalmente característico,7. Totalmente característico,1. Nada característico,7. Totalmente característico,7. Totalmente característico,1. Nada característico,7. Totalmente característico,7. Totalmente característico,1. Nada característico,131.0,Alta
7c9aab8031,5. Característico,6.Muito característico,6.Muito característico,6.Muito característico,6.Muito característico,7. Totalmente característico,3. Pouco característico,6.Muito característico,5. Característico,7. Totalmente característico,2. Muito pouco característico,5. Característico,7. Totalmente característico,7. Totalmente característico,6.Muito característico,3. Pouco característico,7. Totalmente característico,7. Totalmente característico,7. Totalmente característico,4. Indiferente,7. Totalmente característico,3. Pouco característico,7. Totalmente característico,6.Muito característico,6.Muito característico,141.0,Alta
9c7c520fc6,6.Muito característico,3. Pouco característico,7. Totalmente característico,6.Muito característico,5. Característico,7. Totalmente característico,7. Totalmente característico,6.Muito característico,5. Característico,7. Totalmente característico,2. Muito pouco característico,6.Muito característico,6.Muito característico,6.Muito característico,6.Muito característico,6.Muito característico,6.Muito característico,6.Muito característico,6.Muito característico,7. Totalmente característico,7. Totalmente característico,6.Muito característico,6.Muito característico,6.Muito característico,6.Muito característico,147.0,Alta
2617e2c08d,7. Totalmente característico,7. Totalmente característico,6.Muito característico,6.Muito característico,5. Característico,7. Totalmente característico,6.Muito característico,7. Totalmente característico,2. Muito pouco característico,7. Totalmente característico,7. Totalmente característico,7. Totalmente característico,7. Totalmente característico,7. Totalmente característico,4. Indiferente,5. Característico,7. Totalmente característico,7. Totalmente característico,7. Totalmente característico,7. Totalmente característico,7. Totalmente característico,7. Totalmente característico,7. Totalmente característico,5. Característico,7. Totalmente característico,158.0,Alta
300ea279de,3. Pouco característico,5. Característico,5. Característico,5. Característico,5. Característico,5. Característico,3. Pouco característico,5. Característico,3. Pouco característico,3. Pouco característico,5. Característico,5. Característico,5. Característico,3. Pouco característico,5. Característico,6.Muito característico,5. Característico,4. Indiferente,6.Muito característico,6.Muito característico,6.Muito característico,6.Muito característico,4. Indiferente,4. Indiferente,5. Característico,117.0,Média
10fb178de5,6.Muito característico,6.Muito característico,6.Muito característico,6.Muito característico,6.Muito característico,6.Muito característico,6.Muito característico,6.Muito característico,6.Muito característico,6.Muito característico,5. Característico,6.Muito característico,6.Muito característico,6.Muito característico,6.Muito característico,6.Muito característico,6.Muito característico,6.Muito característico,6.Muito característico,6.Muito característico,6.Muito característico,6.Muito característico,6.Muito característico,5. Característico,6.Muito característico,148.0,Alta
47b86c4d80,6.Muito característico,6.Muito característico,6.Muito característico,6.Muito característico,6.Muito característico,6.Muito característico,4. Indiferente,6.Muito característico,4. Indiferente,4. Indiferente,4. Indiferente,6.Muito característico,6.Muito característico,6.Muito característico,6.Muito característico,5. Característico,6.Muito característico,6.Muito característico,6.Muito característico,4. Indiferente,6.Muito característico,6.Muito característico,6.Muito característico,6.Muito característico,6.Muito característico,139.0,Alta
5c7127fd30,6.Muito característico,6.Muito característico,7. Totalmente característico,6.Muito característico,7. Totalmente característico,7. Totalmente característico,2. Muito pouco característico,7. Totalmente característico,2. Muito pouco característico,7. Totalmente característico,6.Muito característico,2. Muito pouco característico,7. Totalmente característico,7. Totalmente característico,6.Muito característico,6.Muito característico,7. Totalmente característico,7. Totalmente característico,4. Indiferente,4. Indiferente,7. Totalmente característico,7. Totalmente característico,6.Muito característico,6.Muito característico,6.Muito característico,145.0,Alta
5b1e589167,6.Muito característico,7. Totalmente característico,7. Totalmente característico,6.Muito característico,7. Totalmente característico,7. Totalmente característico,6.Muito característico,7. Totalmente característico,1. Nada característico,7. Totalmente característico,2. Muito pouco característico,7. Totalmente característico,7. Totalmente característico,7. Totalmente característico,7. Totalmente característico,7. Totalmente característico,6.Muito característico,7. Totalmente característico,6.Muito característico,5. Característico,7. Totalmente característico,7. Totalmente característico,7. Totalmente característico,7. Totalmente característico,6.Muito característico,156.0,Alta
ff0ebeaf3f,3. Pouco característico,2. Muito pouco característico,2. Muito pouco característico,2. Muito pouco característico,2. Muito pouco característico,2. Muito pouco característico,2. Muito pouco característico,2. Muito pouco característico,2. Muito pouco característico,2. Muito pouco característico,2. Muito pouco característico,2. Muito pouco característico,2. Muito pouco característico,2. Muito pouco característico,3. Pouco característico,2. Muito pouco característico,2. Muito pouco característico,2. Muito pouco característico,3. Pouco característico,3. Pouco característico,2. Muito pouco característico,2. Muito pouco característico,2. Muito pouco característico,2. Muito pouco característico,2. Muito pouco característico,54.0,Baixa
d1b17cac4b,7. Totalmente característico,6.Muito característico,7. Totalmente característico,7. Totalmente característico,6.Muito característico,7. Totalmente característico,1. Nada característico,7. Totalmente característico,7. Totalmente característico,7. Totalmente característico,6.Muito característico,6.Muito característico,7. Totalmente característico,7. Totalmente característico,7. Totalmente característico,7. Totalmente característico,6.Muito característico,7. Totalmente característico,7. Totalmente característico,7. Totalmente característico,7. Totalmente característico,6.Muito característico,7. Totalmente característico,6.Muito característico,7. Totalmente característico,162.0,Alta
d8823e3021,6.Muito característico,6.Muito característico,6.Muito característico,6.Muito característico,6.Muito característico,6.Muito característico,6.Muito característico,6.Muito característico,6.Muito característico,6.Muito característico,3. Pouco característico,6.Muito característico,6.Muito característico,6.Muito característico,6.Muito característico,6.Muito característico,6.Muito característico,6.Muito característico,6.Muito característico,6.Muito característico,6.Muito característico,6.Muito característico,6.Muito característico,6.Muito característico,6.Muito característico,147.0,Alta
8c380655f8,5. Característico,5. Característico,5. Característico,5. Característico,5. Característico,5. Característico,3. Pouco característico,5. Característico,5. Característico,5. Característico,3. Pouco característico,5. Característico,6.Muito característico,6.Muito característico,5. Característico,7. Totalmente característico,7. Totalmente característico,7. Totalmente característico,7. Totalmente característico,5. Característico,7. Totalmente característico,7. Totalmente característico,7. Totalmente característico,7. Totalmente característico,7. Totalmente característico,141.0,Alta
38b4fb2c52,7. Totalmente característico,7. Totalmente característico,6.Muito característico,6.Muito característico,6.Muito característico,7. Totalmente característico,2. Muito pouco característico,7. Totalmente característico,6.Muito característico,6.Muito característico,1. Nada característico,1. Nada característico,6.Muito característico,6.Muito característico,6.Muito característico,6.Muito característico,6.Muito característico,7. Totalmente característico,6.Muito característico,6.Muito característico,6.Muito característico,6.Muito característico,6.Muito característico,6.Muito característico,6.Muito característico,141.0,Alta
a839119007,6.Muito característico,6.Muito característico,6.Muito característico,4. Indiferente,6.Muito característico,6.Muito característico,4. Indiferente,6.Muito característico,3. Pouco característico,6.Muito característico,4. Indiferente,6.Muito característico,6.Muito característico,6.Muito característico,4. Indiferente,6.Muito característico,6.Muito característico,6.Muito característico,6.Muito característico,5. Característico,6.Muito característico,6.Muito característico,6.Muito característico,6.Muito característico,6.Muito característico,138.0,Alta
44c73ccb4e,7. Totalmente característico,5. Característico,7. Totalmente característico,5. Característico,7. Totalmente característico,7. Totalmente característico,3. Pouco característico,7. Totalmente característico,7. Totalmente característico,7. Totalmente característico,1. Nada característico,7. Totalmente característico,7. Totalmente característico,5. Característico,6.Muito característico,6.Muito característico,6.Muito característico,6.Muito característico,7. Totalmente característico,7. Totalmente característico,7. Totalmente característico,2. Muito pouco característico,7. Totalmente característico,7. Totalmente característico,3. Pouco característico,146.0,Alta
5c78db4269,3. Pouco característico,3. Pouco característico,3. Pouco característico,6.Muito característico,6.Muito característico,6.Muito característico,3. Pouco característico,6.Muito característico,3. Pouco característico,4. Indiferente,3. Pouco característico,6.Muito característico,6.Muito característico,4. Indiferente,6.Muito característico,6.Muito característico,6.Muito característico,6.Muito característico,6.Muito característico,6.Muito característico,6.Muito característico,6.Muito característico,6.Muito característico,6.Muito característico,6.Muito característico,128.0,Alta
fa8eb8bc21,7. Totalmente característico,7. Totalmente característico,7. Totalmente característico,7. Totalmente característico,7. Totalmente característico,7. Totalmente característico,7. Totalmente característico,7. Totalmente característico,7. Totalmente característico,7. Totalmente característico,7. Totalmente característico,7. Totalmente característico,7. Totalmente característico,7. Totalmente característico,7. Totalmente característico,7. Totalmente característico,7. Totalmente característico,7. Totalmente característico,7. Totalmente característico,6.Muito característico,7. Totalmente característico,7. Totalmente característico,7. Totalmente característico,7. Totalmente característico,7. Totalmente característico,174.0,Alta
79800540cf,7. Totalmente característico,7. Totalmente característico,7. Totalmente característico,7. Totalmente característico,7. Totalmente característico,7. Totalmente característico,7. Totalmente característico,7. Totalmente característico,7. Totalmente característico,7. Totalmente característico,7. Totalmente característico,7. Totalmente característico,7. Totalmente característico,7. Totalmente característico,7. Totalmente característico,7. Totalmente característico,7. Totalmente característico,7. Totalmente característico,7. Totalmente característico,7. Totalmente característico,7. Totalmente característico,7. Totalmente característico,7. Totalmente característico,7. Totalmente característico,7. Totalmente característico,175.0,Alta
e3e1aab4f2,6.Muito característico,6.Muito característico,6.Muito característico,6.Muito característico,6.Muito característico,6.Muito característico,3. Pouco característico,6.Muito característico,5. Característico,6.Muito característico,3. Pouco característico,6.Muito característico,6.Muito característico,6.Muito característico,6.Muito característico,6.Muito característico,6.Muito característico,6.Muito característico,6.Muito característico,3. Pouco característico,6.Muito característico,6.Muito característico,6.Muito característico,6.Muito característico,6.Muito característico,140.0,Alta
d4bb83e192,3. Pouco característico,6.Muito característico,6.Muito característico,6.Muito característico,6.Muito característico,6.Muito característico,6.Muito característico,6.Muito característico,6.Muito característico,6.Muito característico,2. Muito pouco característico,6.Muito característico,6.Muito característico,6.Muito característico,6.Muito característico,6.Muito característico,6.Muito característico,6.Muito característico,6.Muito característico,3. Pouco característico,6.Muito característico,6.Muito característico,6.Muito característico,6.Muito característico,6.Muito característico,140.0,Alta
ff89a708fd,7. Totalmente característico,7. Totalmente característico,7. Totalmente característico,7. Totalmente característico,6.Muito característico,7. Totalmente característico,5. Característico,7. Totalmente característico,5. Característico,7. Totalmente característico,6.Muito característico,7. Totalmente característico,7. Totalmente característico,7. Totalmente característico,7. Totalmente característico,7. Totalmente característico,7. Totalmente característico,7. Totalmente característico,6.Muito característico,2. Muito pouco característico,7. Totalmente característico,7. Totalmente característico,6.Muito característico,7. Totalmente característico,6.Muito característico,161.0,Alta
2a1ffa9391,7. Totalmente característico,1. Nada característico,7. Totalmente característico,7. Totalmente característico,7. Totalmente característico,7. Totalmente característico,7. Totalmente característico,7. Totalmente característico,2. Muito pouco característico,7. Totalmente característico,7. Totalmente característico,7. Totalmente característico,7. Totalmente característico,7. Totalmente característico,7. Totalmente característico,7. Totalmente característico,7. Totalmente característico,7. Totalmente característico,7. Totalmente característico,1. Nada característico,7. Totalmente característico,7. Totalmente característico,7. Totalmente característico,7. Totalmente característico,7. Totalmente característico,158.0,Alta
7cf27cca71,7. Totalmente característico,7. Totalmente característico,4. Indiferente,7. Totalmente característico,4. Indiferente,5. Característico,6.Muito característico,6.Muito característico,7. Totalmente característico,7. Totalmente característico,5. Característico,6.Muito característico,7. Totalmente característico,7. Totalmente característico,5. Característico,7. Totalmente característico,6.Muito característico,7. Totalmente característico,5. Característico,7. Totalmente característico,7. Totalmente característico,6.Muito característico,7. Totalmente característico,6.Muito característico,7. Totalmente característico,155.0,Alta
be443a7404,7. Totalmente característico,4. Indiferente,7. Totalmente característico,7. Totalmente característico,7. Totalmente característico,7. Totalmente característico,7. Totalmente característico,7. Totalmente característico,2. Muito pouco característico,7. Totalmente característico,2. Muito pouco característico,7. Totalmente característico,7. Totalmente característico,7. Totalmente característico,7. Totalmente característico,7. Totalmente característico,7. Totalmente característico,7. Totalmente característico,1. Nada característico,1. Nada característico,7. Totalmente característico,7. Totalmente característico,4. Indiferente,7. Totalmente característico,7. Totalmente característico,147.0,Alta
2161f9e040,1. Nada característico,7. Totalmente característico,7. Totalmente característico,7. Totalmente característico,7. Totalmente característico,7. Totalmente característico,7. Totalmente característico,7. Totalmente característico,7. Totalmente característico,7. Totalmente característico,7. Totalmente característico,7. Totalmente característico,7. Totalmente característico,7. Totalmente característico,7. Totalmente característico,7. Totalmente característico,7. Totalmente característico,7. Totalmente característico,7. Totalmente característico,7. Totalmente característico,7. Totalmente característico,7. Totalmente característico,7. Totalmente característico,4. Indiferente,7. Totalmente característico,166.0,Alta
4932ee84a1,7. Totalmente característico,7. Totalmente característico,7. Totalmente característico,7. Totalmente característico,7. Totalmente característico,7. Totalmente característico,7. Totalmente característico,7. Totalmente característico,7. Totalmente característico,7. Totalmente característico,1. Nada característico,7. Totalmente característico,7. Totalmente característico,7. Totalmente característico,7. Totalmente característico,7. Totalmente característico,7. Totalmente característico,7. Totalmente característico,7. Totalmente característico,7. Totalmente característico,7. Totalmente característico,6.Muito característico,7. Totalmente característico,7. Totalmente característico,7. Totalmente característico,168.0,Alta
23bd066c6a,5. Característico,5. Característico,7. Totalmente característico,7. Totalmente característico,7. Totalmente característico,5. Característico,4. Indiferente,6.Muito característico,7. Totalmente característico,7. Totalmente característico,5. Característico,5. Característico,7. Totalmente característico,7. Totalmente característico,7. Totalmente característico,7. Totalmente característico,5. Característico,7. Totalmente característico,7. Totalmente característico,5. Característico,7. Totalmente característico,1. Nada característico,7. Totalmente característico,7. Totalmente característico,5. Característico,149.0,Alta
b18e2de493,7. Totalmente característico,7. Totalmente característico,7. Totalmente característico,7. Totalmente característico,7. Totalmente característico,7. Totalmente característico,1. Nada característico,7. Totalmente característico,1. Nada característico,7. Totalmente característico,5. Característico,7. Totalmente característico,3. Pouco característico,7. Totalmente característico,7. Totalmente característico,5. Característico,5. Característico,7. Totalmente característico,7. Totalmente característico,7. Totalmente característico,7. Totalmente característico,7. Totalmente característico,7. Totalmente característico,7. Totalmente característico,7. Totalmente característico,153.0,Alta
f1c81659bb,7. Totalmente característico,5. Característico,7. Totalmente característico,7. Totalmente característico,7. Totalmente característico,7. Totalmente característico,7. Totalmente característico,7. Totalmente característico,7. Totalmente característico,7. Totalmente característico,2. Muito pouco característico,2. Muito pouco característico,7. Totalmente característico,7. Totalmente característico,7. Totalmente característico,7. Totalmente característico,7. Totalmente característico,7. Totalmente característico,7. Totalmente característico,7. Totalmente característico,7. Totalmente característico,1. Nada característico,5. Característico,7. Totalmente característico,7. Totalmente característico,155.0,Alta
acb7fc0479,7. Totalmente característico,2. Muito pouco característico,2. Muito pouco característico,5. Característico,6.Muito característico,7. Totalmente característico,5. Característico,7. Totalmente característico,4. Indiferente,7. Totalmente característico,2. Muito pouco característico,4. Indiferente,7. Totalmente característico,7. Totalmente característico,7. Totalmente característico,5. Característico,7. Totalmente característico,5. Característico,2. Muito pouco característico,1. Nada característico,7. Totalmente característico,7. Totalmente característico,7. Totalmente característico,7. Totalmente característico,1. Nada característico,128.0,Alta
6aade985f0,1. Nada característico,7. Totalmente característico,7. Totalmente característico,7. Totalmente característico,7. Totalmente característico,7. Totalmente característico,7. Totalmente característico,7. Totalmente característico,7. Totalmente característico,7. Totalmente característico,7. Totalmente característico,7. Totalmente característico,7. Totalmente característico,7. Totalmente característico,7. Totalmente característico,7. Totalmente característico,7. Totalmente característico,7. Totalmente característico,7. Totalmente característico,7. Totalmente característico,7. Totalmente característico,7. Totalmente característico,7. Totalmente característico,7. Totalmente característico,7. Totalmente característico,169.0,Alta
6bbcfc7eb7,7. Totalmente característico,5. Característico,7. Totalmente característico,7. Totalmente característico,7. Totalmente característico,7. Totalmente característico,7. Totalmente característico,7. Totalmente característico,6.Muito característico,7. Totalmente característico,6.Muito característico,4. Indiferente,6.Muito característico,7. Totalmente característico,6.Muito característico,7. Totalmente característico,7. Totalmente característico,7. Totalmente característico,6.Muito característico,7. Totalmente característico,7. Totalmente característico,1. Nada característico,7. Totalmente característico,7. Totalmente característico,7. Totalmente característico,159.0,Alta
e38c83ab57,7. Totalmente característico,7. Totalmente característico,7. Totalmente característico,7. Totalmente característico,7. Totalmente característico,7. Totalmente característico,4. Indiferente,7. Totalmente característico,7. Totalmente característico,7. Totalmente característico,7. Totalmente característico,7. Totalmente característico,7. Totalmente característico,7. Totalmente característico,7. Totalmente característico,7. Totalmente característico,7. Totalmente característico,7. Totalmente característico,7. Totalmente característico,7. Totalmente característico,7. Totalmente característico,7. Totalmente característico,7. Totalmente característico,7. Totalmente característico,7. Totalmente característico,172.0,Alta
0e2688210b,7. Totalmente característico,7. Totalmente característico,7. Totalmente característico,7. Totalmente característico,7. Totalmente característico,7. Totalmente característico,7. Totalmente característico,7. Totalmente característico,7. Totalmente característico,7. Totalmente característico,2. Muito pouco característico,7. Totalmente característico,7. Totalmente característico,7. Totalmente característico,7. Totalmente característico,7. Totalmente característico,7. Totalmente característico,7. Totalmente característico,7. Totalmente característico,7. Totalmente característico,7. Totalmente característico,7. Totalmente característico,7. Totalmente característico,7. Totalmente característico,7. Totalmente característico,170.0,Alta
3ed0369995,6.Muito característico,6.Muito característico,6.Muito característico,6.Muito característico,6.Muito característico,6.Muito característico,6.Muito característico,6.Muito característico,6.Muito característico,6.Muito característico,6.Muito característico,3. Pouco característico,6.Muito característico,3. Pouco característico,6.Muito característico,3. Pouco característico,6.Muito característico,6.Muito característico,6.Muito característico,6.Muito característico,6.Muito característico,6.Muito característico,6.Muito característico,6.Muito característico,6.Muito característico,141.0,Alta
ba563b92a3,5. Característico,3. Pouco característico,1. Nada característico,5. Característico,1. Nada característico,7. Totalmente característico,4. Indiferente,7. Totalmente característico,7. Totalmente característico,7. Totalmente característico,7. Totalmente característico,1. Nada característico,7. Totalmente característico,7. Totalmente característico,4. Indiferente,7. Totalmente característico,7. Totalmente característico,7. Totalmente característico,7. Totalmente característico,3. Pouco característico,7. Totalmente característico,7. Totalmente característico,6.Muito característico,7. Totalmente característico,7. Totalmente característico,138.0,Alta
71399734af,3. Pouco característico,6.Muito característico,6.Muito característico,6.Muito característico,6.Muito característico,6.Muito característico,6.Muito característico,6.Muito característico,6.Muito característico,6.Muito característico,3. Pouco característico,6.Muito característico,6.Muito característico,6.Muito característico,6.Muito característico,3. Pouco característico,6.Muito característico,6.Muito característico,6.Muito característico,3. Pouco característico,6.Muito característico,6.Muito característico,6.Muito característico,6.Muito característico,6.Muito característico,138.0,Alta
21b0ea3123,5. Característico,4. Indiferente,7. Totalmente característico,6.Muito característico,7. Totalmente característico,3. Pouco característico,6.Muito característico,7. Totalmente característico,6.Muito característico,7. Totalmente característico,5. Característico,5. Característico,6.Muito característico,7. Totalmente característico,7. Totalmente característico,7. Totalmente característico,7. Totalmente característico,7. Totalmente característico,6.Muito característico,3. Pouco característico,7. Totalmente característico,6.Muito característico,7. Totalmente característico,7. Totalmente característico,7. Totalmente característico,152.0,Alta
88696ddf53,5. Característico,7. Totalmente característico,7. Totalmente característico,7. Totalmente característico,7. Totalmente característico,7. Totalmente característico,7. Totalmente característico,7. Totalmente característico,7. Totalmente característico,7. Totalmente característico,5. Característico,7. Totalmente característico,7. Totalmente característico,1. Nada característico,5. Característico,7. Totalmente característico,7. Totalmente característico,7. Totalmente característico,7. Totalmente característico,7. Totalmente característico,7. Totalmente característico,7. Totalmente característico,7. Totalmente característico,5. Característico,7. Totalmente característico,161.0,Alta
9fc24c122d,7. Totalmente característico,4. Indiferente,5. Característico,6.Muito característico,5. Característico,7. Totalmente característico,5. Característico,7. Totalmente característico,5. Característico,5. Característico,3. Pouco característico,5. Característico,7. Totalmente característico,7. Totalmente característico,7. Totalmente característico,7. Totalmente característico,7. Totalmente característico,7. Totalmente característico,7. Totalmente característico,5. Característico,7. Totalmente característico,1. Nada característico,6.Muito característico,7. Totalmente característico,7. Totalmente característico,146.0,Alta
da4364245d,7. Totalmente característico,7. Totalmente característico,7. Totalmente característico,7. Totalmente característico,7. Totalmente característico,7. Totalmente característico,7. Totalmente característico,7. Totalmente característico,7. Totalmente característico,7. Totalmente característico,7. Totalmente característico,7. Totalmente característico,7. Totalmente característico,7. Totalmente característico,6.Muito característico,7. Totalmente característico,7. Totalmente característico,7. Totalmente característico,7. Totalmente característico,2. Muito pouco característico,7. Totalmente característico,7. Totalmente característico,7. Totalmente característico,7. Totalmente característico,7. Totalmente característico,169.0,Alta
8ad16ed418,7. Totalmente característico,7. Totalmente característico,7. Totalmente característico,7. Totalmente característico,7. Totalmente característico,7. Totalmente característico,7. Totalmente característico,7. Totalmente característico,7. Totalmente característico,7. Totalmente característico,7. Totalmente característico,5. Característico,7. Totalmente característico,7. Totalmente característico,7. Totalmente característico,7. Totalmente característico,7. Totalmente característico,7. Totalmente característico,7. Totalmente característico,7. Totalmente característico,7. Totalmente característico,7. Totalmente característico,7. Totalmente característico,7. Totalmente característico,7. Totalmente característico,173.0,Alta
994884e00f,7. Totalmente característico,7. Totalmente característico,7. Totalmente característico,7. Totalmente característico,7. Totalmente característico,7. Totalmente característico,7. Totalmente característico,7. Totalmente característico,7. Totalmente característico,7. Totalmente característico,2. Muito pouco característico,6.Muito característico,7. Totalmente característico,6.Muito característico,7. Totalmente característico,7. Totalmente característico,7. Totalmente característico,7. Totalmente característico,7. Totalmente característico,6.Muito característico,7. Totalmente característico,5. Característico,7. Totalmente característico,7. Totalmente característico,7. Totalmente característico,165.0,Alta
7d5ab561e5,5. Característico,6.Muito característico,6.Muito característico,5. Característico,5. Característico,5. Característico,5. Característico,5. Característico,6.Muito característico,5. Característico,4. Indiferente,6.Muito característico,5. Característico,4. Indiferente,6.Muito característico,6.Muito característico,6.Muito característico,6.Muito característico,6.Muito característico,5. Característico,5. Característico,6.Muito característico,5. Característico,5. Característico,6.Muito característico,134.0,Alta
4e36815963,3. Pouco característico,4. Indiferente,5. Característico,5. Característico,5. Característico,5. Característico,3. Pouco característico,5. Característico,5. Característico,4. Indiferente,4. Indiferente,4. Indiferente,4. Indiferente,2. Muito pouco característico,4. Indiferente,4. Indiferente,4. Indiferente,4. Indiferente,4. Indiferente,4. Indiferente,4. Indiferente,3. Pouco característico,4. Indiferente,4. Indiferente,7. Totalmente característico,104.0,Média
,,,,,,,,,,,,,,,,,,,,,,,,,,,
